"","BOROUGH","TAX.BLOCK","TAX.LOT","bbl","BILLBBL","CD","HOUSE.NUMBER","STREET.NAME","ADDRESS","PARCEL.NAME","AGENCY","USE.CODE","USE.TYPE","OWNERSHIP","CATEGORY","EXPANDED.CATEGORY.CODE","EXPANDED.CATEGORY.DESCRIPTION","LEASED.PROPERTIES","FINAL.COMMITMENT","AGREEMENT","X.COORDINATE","Y.COORDINATE","LATITUDE","LONGITUDE","GEOM","borough","block","lot","cd","bct2020","bctcb2020","ct2010","cb2010","schooldist","council","zipcode","firecomp","policeprct","healthcenterdistrict","healtharea","sanitboro","sanitdistrict","sanitsub","address","zonedist1","zonedist2","zonedist3","zonedist4","overlay1","overlay2","spdist1","spdist2","spdist3","ltdheight","splitzone","bldgclass","landuse","easements","ownertype","ownername","lotarea","bldgarea","comarea","resarea","officearea","retailarea","garagearea","strgearea","factryarea","otherarea","areasource","numbldgs","numfloors","unitsres","unitstotal","lotfront","lotdepth","bldgfront","bldgdepth","ext","proxcode","irrlotcode","lottype","bsmtcode","assessland","assesstot","exempttot","yearbuilt","yearalter1","yearalter2","histdist","landmark","builtfar","residfar","commfar","facilfar","borocode","condono","tract2010","xcoord","ycoord","zonemap","zmcode","sanborn","taxmap","edesignum","appbbl","appdate","plutomapid","firm07_flag","pfirm15_flag","version","dcpedited","latitude","longitude","notes"
"1",3,1483,36,3014830036,"3,014,830,036",303,"910","MADISON STREET","910 MADISON STREET","FORMER LOTS FOR TOTS PLYGROUND","DCAS",1520,"NO USE-VACANT LAND","C",3,8,"PROPERTY WITH NO USE","","","","1,006,107","189,893",40.687862,-73.921188,"POINT (-73.921188 40.687862)","BK",1483,36,303,3037500,30375002006,375,2006,16,41,11221,"E222",81,34,3100,3,3,"5A","910 madison st","R6B","","","","","","","",NA,"","N","V0",11,0,"C","NYC DEPARTMENT OF CITYWIDE ADMINISTRATIVE SERVICES",4000,0,NA,NA,NA,NA,NA,NA,NA,NA,7,0,NA,0,0,40,100,0,0,"",0,"N",3,5,13680,13680,13680,0,0,0,"","",0,2,0,2,3,NA,375,1006107,189893,"17a","","305 025",30601,"",NA,"",1,NA,NA,"25v4","t",40.6878622,-73.9211881,NA
"2",3,2245,149,3022450149,"3,022,450,149",301,"","WALTON STREET","WALTON STREET","","HPD",1520,"NO USE-VACANT LAND","C",3,8,"PROPERTY WITH NO USE","","D","","998,093","195,005",40.70191,-73.950074,"POINT (-73.950074 40.70191)","BK",2245,149,301,3050900,30509002003,509,2004,14,33,11206,"E230",90,30,1500,3,1,"4B","walton st","R6A","","","","C2-4","","","",NA,"","N","G7",10,0,"C","NYC HOUSING PRESERVATION AND DEVELOPMENT",1813,0,NA,NA,NA,NA,NA,NA,NA,NA,7,0,NA,0,0,56.5,85.42,0,0,"",0,"Y",3,5,163800,163800,163800,0,0,0,"","",0,3,0,3,3,NA,509,998093,195005,"13b","","303 033",30803,"E-238",NA,"",1,NA,NA,"25v4","t",40.7019096,-73.9500745,NA
"3",3,2269,52,3022690052,"3,022,690,052",301,"29-31","BARTLETT STREET","29-31 BARTLETT STREET","","HPD",1520,"NO USE-VACANT LAND","C",3,8,"PROPERTY WITH NO USE","","D","","998,859","194,630",40.700879,-73.947313,"POINT (-73.947313 40.700879)","BK",2269,52,301,3050700,30507001008,507,1008,14,33,11206,"E230",90,30,1500,3,1,"4B","31 bartlett st","R7A","","","","C2-4","","","",NA,"","N","V1",11,0,"C","BARTLETT CROSSING HOUSING DEVELOPMENT FU ND COMPANY",5000,0,NA,NA,NA,NA,NA,NA,NA,NA,7,0,NA,0,0,50,100,0,0,"",0,"N",5,5,643050,643050,643050,0,0,0,"","",0,4,0,4,3,NA,507,998859,194630,"13b","","303 036",30803,"E-238",NA,"",1,NA,NA,"25v4","",40.7008791,-73.9473126,NA
"4",3,4348,50,3043480050,"3,043,480,050",305,"881","NEW JERSEY AVENUE","881 NEW JERSEY AVENUE","","HPD",1520,"NO USE-VACANT LAND","C",3,8,"PROPERTY WITH NO USE","","D","","1,015,076","179,065",40.658115,-73.888897,"POINT (-73.888897 40.658115)","BK",4348,50,305,3110400,31104002007,1104,2007,19,42,11207,"L103",75,33,6420,3,5,"4D","881 new jersey ave","R5","","","","","","","",NA,"","N","V0",11,0,"C","NYC HOUSING PRESERVATION AND DEVELOPMENT",2367,0,NA,NA,NA,NA,NA,NA,NA,NA,7,0,NA,0,0,23.67,100,0,0,"",0,"N",5,5,13920,13920,13920,0,0,0,"","",0,1.5,0,2,3,NA,1104,1015076,179065,"17d","","317 015",31402,"",NA,"",1,NA,NA,"25v4","t",40.6581151,-73.8888973,NA
"5",3,4076,25,3040760025,"3,040,760,025",305,"872","DUMONT AVENUE","872 DUMONT AVENUE","","HPD",1520,"NO USE-VACANT LAND","C",3,8,"PROPERTY WITH NO USE","","D","","1,015,803","182,402",40.667272,-73.886261,"POINT (-73.886261 40.667272)","BK",4076,25,305,3112400,31124002000,1124,2000,19,42,11207,"E225",75,33,6420,3,5,"4E","dumont ave","R5","","","","","","","",NA,"","N","V0",11,0,"C","NYC HOUSING PRESERVATION AND DEVELOPMENT",2500,0,NA,NA,NA,NA,NA,NA,NA,NA,7,0,NA,0,0,25,100,0,0,"",0,"N",3,5,15420,15420,15420,0,0,0,"","",0,1.5,0,2,3,NA,1124,1015803,182402,"17d","","308 006",31304,"",3040760135,"07/30/2004",1,NA,NA,"25v4","t",40.6672718,-73.8862614,NA
"6",3,2269,18,3022690018,"3,022,690,018",301,"76","GERRY STREET","76 GERRY STREET","","HPD",1520,"NO USE-VACANT LAND","C",3,8,"PROPERTY WITH NO USE","","D","S","998,954","194,844",40.701467,-73.94697,"POINT (-73.94697 40.701467)","BK",2269,18,301,3050700,30507001008,507,1008,14,33,11206,"E230",90,30,1500,3,1,"4B","76 gerry st","R7A","","","","","","","",NA,"","N","V0",11,0,"C","NYC HOUSING PRESERVATION AND DEVELOPMENT",2500,0,NA,NA,NA,NA,NA,NA,NA,NA,7,1,NA,0,0,25,100,0,0,"",0,"N",5,5,40140,40140,40140,0,0,0,"","",0,4,0,4,3,NA,507,998954,194844,"13b","","303 036",30803,"E-238",NA,"",1,NA,NA,"25v4","t",40.7014663,-73.9469696,NA
"7",3,2269,41,3022690041,"3,022,690,041",301,"53","BARTLETT STREET","53 BARTLETT STREET","","HPD",1520,"NO USE-VACANT LAND","C",3,8,"PROPERTY WITH NO USE","","D","","999,078","194,817",40.701392,-73.946522,"POINT (-73.946522 40.701392)","BK",2269,41,301,3050700,30507001008,507,1008,14,33,11206,"E230",90,30,1500,3,1,"4B","53 bartlett st","R7A","","","","","","","",NA,"","N","Z9",NA,0,"C","NYC HOUSING PRESERVATION AND DEVELOPMENT",2500,0,NA,NA,NA,NA,NA,NA,NA,NA,7,1,NA,0,0,25,100,0,0,"N",0,"N",5,0,64800,64800,64800,0,0,0,"","",0,4,0,4,3,NA,507,999078,194817,"13b","","303 036",30803,"E-238",NA,"",1,NA,NA,"25v4","t",40.701392,-73.9465224,NA
"8",3,3801,3,3038010003,"3,038,010,003",305,"435","HINSDALE STREET","435 HINSDALE STREET","","HPD",1520,"NO USE-VACANT LAND","C",3,8,"PROPERTY WITH NO USE","","D","","1,012,419","181,352",40.664402,-73.898464,"POINT (-73.898464 40.664402)","BK",3801,3,305,3113000,31130001002,1130,1002,19,42,11207,"E231",75,33,6300,3,5,"4C","hinsdale st","R7A","R6","","","C2-4","","","",NA,"","Y","V1",11,0,"C","NYC HOUSING PRESERVATION AND DEVELOPMENT",5000,0,NA,NA,NA,NA,NA,NA,NA,NA,7,1,NA,0,0,50,100,0,0,"",0,"N",5,5,281700,281700,281700,0,0,0,"","",0,4,0,4,3,NA,1130,1012419,181352,"17d","","316 030",31207,"",NA,"",1,NA,NA,"25v4","t",40.6644012,-73.898464,NA
"9",3,3722,3,3037220003,"3,037,220,003",305,"287","NEW JERSEY AVENUE","287 NEW JERSEY AVENUE","","HPD",1520,"NO USE-VACANT LAND","C",3,8,"PROPERTY WITH NO USE","","D","","1,013,450","184,351",40.67263,-73.894735,"POINT (-73.894735 40.67263)","BK",3722,3,305,3114400,31144003001,1144,3001,19,42,11207,"L175",75,33,5700,3,5,"1C","287 new jersey ave","R5B","","","","","","","",NA,"","N","V0",11,0,"C","NYC HOUSING PRESERVATION AND DEVELOPMENT",2500,0,NA,NA,NA,NA,NA,NA,NA,NA,7,1,NA,0,0,25,100,0,0,"",0,"N",5,5,15960,15960,15960,0,0,0,"","",0,1.5,0,2,3,NA,1144,1013450,184351,"17c","","316 018",31206,"",NA,"",1,NA,NA,"25v4","t",40.6726295,-73.8947348,NA
"10",3,3097,13,3030970013,"3,030,970,013",301,"112","SEIGEL STREET","112 SEIGEL STREET","FORMER HOOK AND LADDER CO. #108","HPD",1520,"NO USE-VACANT LAND","C",3,8,"PROPERTY WITH NO USE","","D","","1,000,364","195,891",40.704338,-73.941882,"POINT (-73.941882 40.704338)","BK",3097,13,301,3049100,30491002000,491,2000,14,34,11206,"L108",90,30,1500,3,1,"5B","112 seigel st","R6","","","","","","","",NA,"","N","V0",11,0,"C","NYC HOUSING PRESERVATION AND DEVELOPMENT",2500,0,NA,NA,NA,NA,NA,NA,NA,NA,7,0,NA,0,0,25,100,0,0,"",0,"N",5,5,23460,23460,23460,0,0,0,"","",0,2.43,0,4.8,3,NA,491,1000364,195891,"13b","","303 043",31005,"",NA,"",1,NA,NA,"25v4","t",40.7043376,-73.9418818,NA
"11",3,2269,48,3022690048,"3,022,690,048",301,"39","BARTLETT STREET","39 BARTLETT STREET","","HPD",1520,"NO USE-VACANT LAND","C",3,8,"PROPERTY WITH NO USE","","D","S","998,945","194,703",40.70108,-73.947002,"POINT (-73.947002 40.70108)","BK",2269,48,301,3050700,30507001008,507,1008,14,33,11206,"E230",90,30,1500,3,1,"4B","39 bartlett st","R7A","","","","","","","",NA,"","N","V0",11,0,"C","NYC HOUSING PRESERVATION AND DEVELOPMENT",2500,0,NA,NA,NA,NA,NA,NA,NA,NA,7,1,NA,0,0,25,100,0,0,"",0,"N",5,5,40140,40140,40140,0,0,0,"","",0,4,0,4,3,NA,507,998945,194703,"13b","","303 036",30803,"E-238",NA,"",1,NA,NA,"25v4","t",40.7010793,-73.9470023,NA
"12",3,1754,29,3017540029,"3,017,540,029",303,"794","MYRTLE AVENUE","794 MYRTLE AVENUE","","HPD",1520,"NO USE-VACANT LAND","C",3,8,"PROPERTY WITH NO USE","","D","","997,955","192,479",40.694977,-73.950577,"POINT (-73.950577 40.694977)","BK",1754,29,303,3025300,30253001000,253,1000,14,36,11206,"L102",79,36,1800,3,3,"1A","myrtle ave","R7D","","","","C2-4","","","",NA,"","N","V1",11,0,"C","NYC HOUSING PRESERVATION AND DEVELOPMENT",2500,0,NA,NA,NA,NA,NA,NA,NA,NA,7,0,NA,0,0,25,100,0,0,"",0,"N",5,5,246150,246150,246150,0,0,0,"","",0,4.66,0,4.66,3,NA,253,997955,192479,"13b","","303 062",30609,"",NA,"",1,NA,NA,"25v4","t",40.6949765,-73.9505773,NA
"13",3,3699,34,3036990034,"3,036,990,034",305,"279","GLENMORE AVENUE","279 GLENMORE AVENUE","E BROOKLYN INDUSTRIAL PARK-SITE 17","EDC",1520,"NO USE-VACANT LAND","C",3,8,"PROPERTY WITH NO USE","","D","","1,011,883","184,396",40.672758,-73.900384,"POINT (-73.900384 40.672758)","BK",3699,34,305,3114400,31144001008,1144,1008,19,37,11207,"L120",75,33,5700,3,5,"1C","glenmore ave","M1-4","","","","","","","",NA,"","N","G7",10,0,"C","NYC ECONOMIC DEVELOPMENT CORPORATION",2500,0,NA,NA,NA,NA,NA,NA,NA,NA,7,0,NA,0,0,25,100,0,0,"",0,"N",5,5,73350,73350,73350,0,0,0,"","",0,0,2,6.5,3,NA,1144,1011883,184396,"17c","","316 009",31205,"",NA,"",1,NA,NA,"25v4","t",40.672758,-73.9003836,NA
"14",3,2269,45,3022690045,"3,022,690,045",301,"","BARTLETT STREET","BARTLETT STREET","","HPD",1520,"NO USE-VACANT LAND","C",3,8,"PROPERTY WITH NO USE","","D","S","998,992","194,743",40.701189,-73.946833,"POINT (-73.946833 40.701189)","BK",2269,45,301,3050700,30507001008,507,1008,14,33,11206,"E230",90,30,1500,3,1,"4B","43 bartlett st","R7A","","","","","","","",NA,"","N","V0",11,0,"C","CITY OF NEW YORK",5000,0,NA,NA,NA,NA,NA,NA,NA,NA,7,0,NA,0,0,50,100,0,0,"",0,"N",5,5,88320,88320,88320,0,0,0,"","",0,4,0,4,3,NA,507,998992,194743,"13b","","303 036",30803,"E-238",NA,"",1,NA,NA,"25v4","",40.701189,-73.9468327,NA
"15",3,3160,123,3031600123,"3,031,600,123",304,"46","MELROSE STREET","46 MELROSE STREET","","DCAS",1520,"NO USE-VACANT LAND","C",3,8,"PROPERTY WITH NO USE","","","","1,002,365","193,641",40.698158,-73.934671,"POINT (-73.934671 40.698158)","BK",3160,123,304,3038900,30389003001,389,3001,14,34,11206,"E218",83,34,1710,3,4,"1A","melrose st","R6","","","","","","","",NA,"","N","V0",11,0,"C","NYC DEPARTMENT OF CITYWIDE ADMINISTRATIVE SERVICES",200,0,NA,NA,NA,NA,NA,NA,NA,NA,7,0,NA,0,0,8.17,25,0,0,"",0,"Y",5,5,120,120,120,0,0,0,"","",0,2.43,0,4.8,3,NA,389,1002365,193641,"13b","","309 001",31101,"",NA,"",1,NA,NA,"25v4","t",40.698158,-73.9346709,NA
"16",3,3775,150,3037750150,"3,037,750,150",305,"743","BLAKE AVENUE","743 BLAKE AVENUE","","HPD",1520,"NO USE-VACANT LAND","C",3,8,"PROPERTY WITH NO USE","","D","","1,014,378","182,845",40.668493,-73.891396,"POINT (-73.891396 40.668493)","BK",3775,150,305,3115800,31158002001,1158,2001,19,42,11207,"L103",75,33,6100,3,5,"4D","743 blake ave","R6","","","","","","","",NA,"","N","V0",11,0,"C","SUTTER PLACE 2022 HOUSING DEVELOPMENT FU ND CORP.",4000,0,NA,NA,NA,NA,NA,NA,NA,NA,7,0,NA,0,0,40,100,0,0,"",0,"N",3,5,16620,16620,16620,0,0,0,"","",0,2.43,0,4.8,3,NA,1158,1014378,182845,"17d","","316 026",31206,"",3037750001,"11/06/1992",1,NA,NA,"25v4","",40.6684927,-73.8913961,NA
"17",3,2269,49,3022690049,"3,022,690,049",301,"37","BARTLETT STREET","37 BARTLETT STREET","","HPD",1520,"NO USE-VACANT LAND","C",3,8,"PROPERTY WITH NO USE","","D","S","998,926","194,687",40.701036,-73.947071,"POINT (-73.947071 40.701036)","BK",2269,49,301,3050700,30507001008,507,1008,14,33,11206,"E230",90,30,1500,3,1,"4B","37 bartlett st","R7A","","","","","","","",NA,"","N","V0",11,0,"C","NYC HOUSING PRESERVATION AND DEVELOPMENT",2500,0,NA,NA,NA,NA,NA,NA,NA,NA,7,1,NA,0,0,25,100,0,0,"",0,"N",5,5,40140,40140,40140,0,0,0,"","",0,4,0,4,3,NA,507,998926,194687,"13b","","303 036",30803,"E-238",NA,"",1,NA,NA,"25v4","t",40.7010354,-73.9470709,NA
"18",3,1485,11,3014850011,"3,014,850,011",303,"","PUTNAM AVENUE","PUTNAM AVENUE","","DCAS",1520,"NO USE-VACANT LAND","C",3,8,"PROPERTY WITH NO USE","","","","1,005,592","189,563",40.686958,-73.923046,"POINT (-73.923046 40.686958)","BK",1485,11,303,3037500,30375003001,375,3001,16,41,11221,"E222",81,34,3100,3,3,"5A","putnam ave","R6A","","","","C2-4","","","",NA,"","N","V1",11,0,"C","NYC DEPARTMENT OF CITYWIDE ADMINISTRATIVE SERVICES",300,0,NA,NA,NA,NA,NA,NA,NA,NA,7,0,NA,0,0,5,60,0,0,"",0,"N",8,5,2565,2565,2565,0,0,0,"","",0,3,0,3,3,NA,375,1005592,189563,"17a","","305 025",30601,"",NA,"",1,NA,NA,"25v4","t",40.6869576,-73.9230461,NA
"19",3,2266,18,3022660018,"3,022,660,018",301,"384","WALLABOUT STREET","384 WALLABOUT STREET","","HPD",1520,"NO USE-VACANT LAND","C",3,8,"PROPERTY WITH NO USE","","D","","998,780","195,051",40.702035,-73.947597,"POINT (-73.947597 40.702035)","BK",2266,18,301,3050700,30507001007,507,1007,14,33,11206,"E230",90,30,1500,3,1,"4B","384 wallabout st","R7A","","","","","","","",NA,"","N","G7",10,0,"C","NYC HOUSING PRESERVATION AND DEVELOPMENT",2500,0,NA,NA,NA,NA,NA,NA,NA,NA,7,0,NA,0,0,25,100,0,0,"",0,"N",5,5,184500,184500,184500,0,0,0,"","",0,4,0,4,3,NA,507,998780,195051,"13b","","303 036",30803,"E-238",NA,"",1,NA,NA,"25v4","t",40.7020347,-73.9475966,NA
"20",3,3722,4,3037220004,"3,037,220,004",305,"283","NEW JERSEY AVENUE","283 NEW JERSEY AVENUE","EAST NEW YORK I URA","HPD",1520,"NO USE-VACANT LAND","C",3,8,"PROPERTY WITH NO USE","","D","","1,013,445","184,376",40.672698,-73.894753,"POINT (-73.894753 40.672698)","BK",3722,4,305,3114400,31144003001,1144,3001,19,42,11207,"L175",75,33,5700,3,5,"1C","283 new jersey ave","R5B","","","","","","","",NA,"","N","V0",11,0,"C","NYC HOUSING PRESERVATION AND DEVELOPMENT",2500,0,NA,NA,NA,NA,NA,NA,NA,NA,7,0,NA,0,0,25,100,0,0,"",0,"N",5,5,15960,15960,15960,0,0,0,"","",0,1.5,0,2,3,NA,1144,1013445,184376,"17c","","316 018",31206,"",NA,"",1,NA,NA,"25v4","t",40.6726981,-73.8947527,NA
"21",3,3444,18,3034440018,"3,034,440,018",304,"26","MOFFAT STREET","26 MOFFAT STREET","BUSHWICK MULTI-SERVICE CENTER","HPD",1520,"NO USE-VACANT LAND","C",3,8,"PROPERTY WITH NO USE","","D","","1,009,288","188,261",40.683375,-73.909724,"POINT (-73.909724 40.683375)","BK",3444,18,304,3040300,30403002002,403,2002,23,37,11207,"Q252",83,34,3500,3,4,"3A","14 moffat st","R6","","","","","","","",NA,"","N","V0",11,0,"C","RESTORED HOMES HOUSING DEVELOPMENT FUND  CORP",4375,0,NA,NA,NA,NA,NA,NA,NA,NA,7,0,NA,0,0,35,125,0,0,"",0,"N",3,5,18960,18960,18960,0,0,0,"","",0,2.43,0,4.8,3,NA,403,1009288,188261,"17c","","305 065",31109,"",3034440016,"03/02/2011",1,NA,NA,"25v4","",40.6833743,-73.9097242,NA
"22",3,1769,69,3017690069,"3,017,690,069",303,"217","HART STREET","217 HART STREET","","HRA",1520,"NO USE-VACANT LAND","C",3,8,"PROPERTY WITH NO USE","","","","1,000,268","192,180",40.694152,-73.942237,"POINT (-73.942237 40.694152)","BK",1769,69,303,3028300,30283003001,283,3001,16,36,11206,"L102",79,36,1900,3,3,"1B","225 hart st","R6B","","","","","","","",NA,"","N","V0",11,0,"C","NYC HUMAN RESOURCES ADMINISTRATION",6000,0,NA,NA,NA,NA,NA,NA,NA,NA,7,0,NA,0,0,60,100,0,0,"",0,"N",5,5,34920,34920,34920,0,0,0,"","",0,2,0,2,3,NA,283,1000268,192180,"13b","","303 065",30609,"",NA,"",1,NA,NA,"25v4","t",40.6941519,-73.9422369,NA
"23",3,3801,1,3038010001,"3,038,010,001",305,"441","HINSDALE STREET","441 HINSDALE STREET","","HPD",1520,"NO USE-VACANT LAND","C",3,8,"PROPERTY WITH NO USE","","D","","1,012,428","181,304",40.66427,-73.898432,"POINT (-73.898432 40.66427)","BK",3801,1,305,3113000,31130001002,1130,1002,19,42,11207,"E231",75,33,6300,3,5,"4C","443 hinsdale st","R7A","","","","C2-4","","","",NA,"","N","V1",11,0,"C","NYC HOUSING PRESERVATION AND DEVELOPMENT",5000,0,NA,NA,NA,NA,NA,NA,NA,NA,7,0,NA,0,0,50,100,0,0,"",0,"N",3,5,256500,256500,256500,0,0,0,"","",0,4,0,4,3,NA,1130,1012428,181304,"17d","","316 030",31207,"",NA,"",1,NA,NA,"25v4","t",40.6642694,-73.8984318,NA
"24",3,3706,32,3037060032,"3,037,060,032",305,"202","WYONA STREET","202 WYONA STREET","","HPD",1520,"NO USE-VACANT LAND","C",3,8,"PROPERTY WITH NO USE","","D","","1,013,720","184,869",40.674051,-73.893759,"POINT (-73.893759 40.674051)","BK",3706,32,305,3114400,31144002000,1144,2000,19,37,11207,"L175",75,33,5700,3,5,"1D","202 wyona st","R5B","","","","","","","",NA,"","N","V0",11,0,"C","NYC HOUSING PRESERVATION AND DEVELOPMENT",2000,0,NA,NA,NA,NA,NA,NA,NA,NA,7,0,NA,0,0,20,100,0,0,"",0,"N",5,5,12780,12780,12780,0,0,0,"","",0,1.5,0,2,3,NA,1144,1013720,184869,"17c","","316 011",31205,"",NA,"",1,NA,NA,"25v4","t",40.6740504,-73.8937592,NA
"25",3,1826,145,3018260145,"3,018,260,145",303,"","PUTNAM AVENUE","PUTNAM AVENUE","","DCAS",1520,"NO USE-VACANT LAND","C",3,8,"PROPERTY WITH NO USE","","","","1,001,164","189,083",40.68565,-73.939014,"POINT (-73.939014 40.68565)","BK",1826,145,303,3027700,30277003001,277,3001,13,36,11221,"E235",79,32,2000,3,3,"3A","putnam ave","R6B","","","","","","","",NA,"","N","V0",11,0,"C","NYC DEPARTMENT OF CITYWIDE ADMINISTRATIVE SERVICES",350,0,NA,NA,NA,NA,NA,NA,NA,NA,7,0,NA,0,0,17.5,20,0,0,"",0,"N",5,5,120,120,120,0,0,0,"","",0,2,0,2,3,NA,277,1001164,189083,"17a","","305 019",30611,"",NA,"",1,NA,NA,"25v4","t",40.6856497,-73.9390136,NA
"26",3,2272,49,3022720049,"3,022,720,049",301,"3","WHIPPLE STREET","3 WHIPPLE STREET","","HPD",1520,"NO USE-VACANT LAND","C",3,8,"PROPERTY WITH NO USE","","D","","999,051","194,454",40.700396,-73.946621,"POINT (-73.946621 40.700396)","BK",2272,49,301,3050700,30507001014,507,1014,14,33,11206,"E230",90,30,1500,3,1,"4B","667 flushing ave","R7A","","","","C2-4","","","",NA,"","N","V1",11,0,"C","BARTLETT CROSSING HOUSING DEVELOPMENT FU ND COMPANY",9580,0,NA,NA,NA,NA,NA,NA,NA,NA,7,3,NA,0,0,98,119,0,0,"",0,"Y",3,5,978300,978300,978300,0,0,0,"","",0,4,0,4,3,NA,507,999051,194454,"13b","","303 036",30803,"E-238",3022720049,"03/22/2022",1,NA,NA,"25v4","",40.7003957,-73.9466206,NA
"27",3,1754,26,3017540026,"3,017,540,026",303,"","MYRTLE AVENUE","MYRTLE AVENUE","","HPD",1520,"NO USE-VACANT LAND","C",3,8,"PROPERTY WITH NO USE","","D","","997,881","192,468",40.694947,-73.950844,"POINT (-73.950844 40.694947)","BK",1754,26,303,3025300,30253001000,253,1000,14,36,11206,"L102",79,36,1800,3,3,"1A","myrtle ave","R7D","","","","C2-4","","","",NA,"","N","V1",11,0,"C","NYC HOUSING PRESERVATION AND DEVELOPMENT",2500,0,NA,NA,NA,NA,NA,NA,NA,NA,7,0,NA,0,0,25,100,0,0,"",0,"N",5,5,246150,246150,246150,0,0,0,"","",0,4.66,0,4.66,3,NA,253,997881,192468,"13b","","303 062",30609,"",NA,"",1,NA,NA,"25v4","t",40.6949464,-73.9508442,NA
"28",3,3232,63,3032320063,"3,032,320,063",304,"1277","DE KALB AVENUE","1277 DE KALB AVENUE","","HPD",1520,"NO USE-VACANT LAND","C",3,8,"PROPERTY WITH NO USE","","D","","1,004,597","193,261",40.69711,-73.926623,"POINT (-73.926623 40.69711)","BK",3232,63,304,3042300,30423001004,423,1004,32,34,11221,"E217",83,34,3200,3,4,"1A","1277 dekalb ave","R6","","","","","","","",NA,"","N","V0",11,0,"C","NYC HOUSING PRESERVATION AND DEVELOPMENT",1411,0,NA,NA,NA,NA,NA,NA,NA,NA,7,0,NA,0,0,17,83.58,0,0,"",0,"Y",5,5,8880,8880,8880,0,0,0,"","",0,2.43,0,4.8,3,NA,423,1004597,193261,"13b","","309 011",31103,"",NA,"",1,NA,NA,"25v4","t",40.6971101,-73.9266227,NA
"29",3,3440,35,3034400035,"3,034,400,035",304,"676","CENTRAL AVENUE","676 CENTRAL AVENUE","","HPD",1520,"NO USE-VACANT LAND","C",3,8,"PROPERTY WITH NO USE","","D","","1,009,998","189,794",40.68758,-73.907158,"POINT (-73.907158 40.68758)","BK",3440,35,304,3041100,30411002001,411,2001,32,37,11207,"Q252",83,34,3500,3,4,"3A","676 central ave","R6","","","","","","","",NA,"","N","V0",11,0,"C","RESTORED HOMES HOUSING DEVELOPMENT FUND  CORP",1700,0,NA,NA,NA,NA,NA,NA,NA,NA,7,0,NA,0,0,20,85,0,0,"",0,"N",5,5,8520,8520,8520,0,0,0,"","",0,2.43,0,4.8,3,NA,411,1009998,189794,"17c","","309 021",31109,"",NA,"",1,NA,NA,"25v4","",40.68758,-73.9071584,NA
"30",3,1754,30,3017540030,"3,017,540,030",303,"796","MYRTLE AVENUE","796 MYRTLE AVENUE","","HPD",1520,"NO USE-VACANT LAND","C",3,8,"PROPERTY WITH NO USE","","D","","997,979","192,483",40.694988,-73.950491,"POINT (-73.950491 40.694988)","BK",1754,30,303,3025300,30253001000,253,1000,14,36,11206,"L102",79,36,1800,3,3,"1A","796 myrtle ave","R7D","","","","C2-4","","","",NA,"","N","V1",11,0,"C","NYC HOUSING PRESERVATION AND DEVELOPMENT",2500,0,NA,NA,NA,NA,NA,NA,NA,NA,7,0,NA,0,0,25,100,0,0,"",0,"N",5,5,246150,246150,246150,0,0,0,"","",0,4.66,0,4.66,3,NA,253,997979,192483,"13b","","303 062",30609,"",NA,"",1,NA,NA,"25v4","t",40.6949875,-73.9504907,NA
"31",3,3387,1,3033870001,"3,033,870,001",304,"1531","BROADWAY","1531 BROADWAY","","HPD",1520,"NO USE-VACANT LAND","C",3,8,"PROPERTY WITH NO USE","","D","","1,007,272","189,553",40.686926,-73.916989,"POINT (-73.916989 40.686926)","BK",3387,1,304,3039700,30397001001,397,1001,32,37,11221,"L112",83,34,3400,3,4,"3A","1531 broadway","R6","","","","C1-3","","","",NA,"","N","V1",11,0,"C","NYC HOUSING PRESERVATION AND DEVELOPMENT",18040,0,NA,NA,NA,NA,NA,NA,NA,NA,7,0,NA,0,0,146,120,0,0,"",0,"Y",3,5,595350,595350,595350,0,0,0,"","",0,2.43,0,4.8,3,NA,397,1007272,189553,"17a","","305 043",31107,"",3033870001,"04/12/2017",1,NA,NA,"25v4","t",40.686926,-73.9169885,NA
"32",3,3706,1,3037060001,"3,037,060,001",305,"437","GLENMORE AVENUE","437 GLENMORE AVENUE","","HPD",1520,"NO USE-VACANT LAND","C",3,8,"PROPERTY WITH NO USE","","D","","1,013,607","184,716",40.673631,-73.894167,"POINT (-73.894167 40.673631)","BK",3706,1,305,3114400,31144002000,1144,2000,19,37,11207,"L175",75,33,5700,3,5,"1C","437 glenmore ave","R5B","","","","","","","",NA,"","N","V0",11,0,"C","NYC HOUSING PRESERVATION AND DEVELOPMENT",1885,0,NA,NA,NA,NA,NA,NA,NA,NA,7,0,NA,0,0,29,65,0,0,"",0,"N",3,5,11460,11460,11460,0,0,0,"","",0,1.5,0,2,3,NA,1144,1013607,184716,"17c","","316 011",31205,"",NA,"",1,NA,NA,"25v4","t",40.6736308,-73.8941672,NA
"33",3,3962,34,3039620034,"3,039,620,034",305,"511","LIBERTY AVENUE","511 LIBERTY AVENUE","","DCAS",1520,"NO USE-VACANT LAND","C",3,8,"PROPERTY WITH NO USE","","","","1,014,522","185,383",40.675459,-73.890866,"POINT (-73.890866 40.675459)","BK",3962,34,305,3119800,31198003005,1198,3005,19,37,11207,"L175",75,34,3820,3,5,"1D","511 liberty ave","M1-4/R6A","","","","","","MX-16","",NA,"","N","V1",11,0,"C","NYC DEPARTMENT OF CITYWIDE ADMINISTRATIVE SERVICES",2500,0,NA,NA,NA,NA,NA,NA,NA,NA,7,1,NA,0,0,25,100,0,0,"",0,"N",3,5,81450,81450,81450,0,0,0,"","",0,3,2,3,3,NA,1198,1014522,185383,"17c","","316 012",31302,"",NA,"",1,NA,NA,"25v4","t",40.6754585,-73.8908656,NA
"34",3,3998,17,3039980017,"3,039,980,017",305,"650","GLENMORE AVENUE","650 GLENMORE AVENUE","WARWICK BLOCK ASSOCIATION GARDEN","HPD",1520,"NO USE-VACANT LAND","C",3,8,"PROPERTY WITH NO USE","","D","","1,015,792","185,006",40.67442,-73.886289,"POINT (-73.886289 40.67442)","BK",3998,17,305,3115000,31150003003,1150,3002,19,42,11207,"E332",75,33,6200,3,5,"1D","650 glenmore ave","R5B","","","","","","","",NA,"","N","V0",11,0,"C","NYC HOUSING PRESERVATION AND DEVELOPMENT",4500,0,NA,NA,NA,NA,NA,NA,NA,NA,7,0,NA,0,0,50,90,0,0,"",0,"N",3,5,34980,34980,34980,0,0,0,"","",0,1.5,0,2,3,NA,1150,1015792,185006,"17c","","308 004",31303,"",NA,"",1,NA,NA,"25v4","t",40.6744193,-73.8862889,NA
"35",3,1642,54,3016420054,"3,016,420,054",303,"","MADISON STREET","MADISON STREET","","DCAS",1520,"NO USE-VACANT LAND","C",3,8,"PROPERTY WITH NO USE","","","","1,004,346","189,841",40.687724,-73.927538,"POINT (-73.927538 40.687724)","BK",1642,54,303,3038500,30385002001,385,2001,16,36,11221,"E214",81,32,3000,3,3,"4B","madison st","R6B","","","","","","","",NA,"","N","V0",11,0,"C","NYC DEPARTMENT OF CITYWIDE ADMINISTRATIVE SERVICES",424,0,NA,NA,NA,NA,NA,NA,NA,NA,7,0,NA,0,0,20.42,20.75,0,0,"",0,"N",5,5,120,120,120,0,0,0,"","",0,2,0,2,3,NA,385,1004346,189841,"17a","","305 023",30605,"",NA,"",1,NA,NA,"25v4","t",40.6877236,-73.9275381,NA
"36",3,1483,35,3014830035,"3,014,830,035",303,"908","MADISON STREET","908 MADISON STREET","FORMER LOTS FOR TOTS PLYGROUND","DCAS",1520,"NO USE-VACANT LAND","C",3,8,"PROPERTY WITH NO USE","","","","1,006,076","189,889",40.687852,-73.9213,"POINT (-73.9213 40.687852)","BK",1483,35,303,3037500,30375002006,375,2006,16,41,11221,"E222",81,34,3100,3,3,"5A","908 madison st","R6B","","","","","","","",NA,"","N","V0",11,0,"C","NYC DEPARTMENT OF CITYWIDE ADMINISTRATIVE SERVICES",2000,0,NA,NA,NA,NA,NA,NA,NA,NA,7,0,NA,0,0,20,100,0,0,"",0,"N",5,5,6360,6360,6360,0,0,0,"","",0,2,0,2,3,NA,375,1006076,189889,"17a","","305 025",30601,"",NA,"",1,NA,NA,"25v4","t",40.6878513,-73.9212999,NA
"37",3,3680,129,3036800129,"3,036,800,129",305,"1764","EAST NEW YORK AVENUE","1764 EAST NEW YORK AVENUE","E BROOKLYN INDUSTRIAL PARK-SITE 2","DCAS",1520,"NO USE-VACANT LAND","C",3,8,"PROPERTY WITH NO USE","","","","1,011,095","185,320",40.675297,-73.903221,"POINT (-73.903221 40.675297)","BK",3680,129,305,3114400,31144001011,1144,1005,19,37,11207,"L120",75,33,5700,3,5,"1C","1764 east new york ave","M1-4","","","","","","","",NA,"","N","V1",11,1,"C","NYC DEPARTMENT OF CITYWIDE ADMINISTRATIVE SERVICES",1819,0,NA,NA,NA,NA,NA,NA,NA,NA,7,0,NA,0,0,25,75,0,0,"",0,"Y",5,0,47700,47700,47700,0,0,0,"","",0,0,2,6.5,3,NA,1144,1011095,185320,"17c","","316 008",31205,"",NA,"",1,NA,NA,"25v4","t",40.6752966,-73.9032206,NA
"38",3,3706,25,3037060025,"3,037,060,025",305,"182","WYONA STREET","182 WYONA STREET","EAST NEW YORK I URA","HPD",1520,"NO USE-VACANT LAND","C",3,8,"PROPERTY WITH NO USE","","D","","1,013,701","185,019",40.674462,-73.893827,"POINT (-73.893827 40.674462)","BK",3706,25,305,3114400,31144002000,1144,2000,19,37,11207,"L175",75,33,5700,3,5,"1D","182 wyona st","M1-4/R6A","","","","","","MX-16","",NA,"","N","V1",11,0,"C","NYC HOUSING PRESERVATION AND DEVELOPMENT",1540,0,NA,NA,NA,NA,NA,NA,NA,NA,7,1,NA,0,0,19.25,80,0,0,"",0,"N",5,5,54450,54450,54450,0,0,0,"","",0,3,2,3,3,NA,1144,1013701,185019,"17c","","316 011",31205,"",NA,"",1,NA,NA,"25v4","t",40.6744621,-73.893827,NA
"39",3,4078,11,3040780011,"3,040,780,011",305,"581","JEROME STREET","581 JEROME STREET","","HPD",1520,"NO USE-VACANT LAND","C",3,8,"PROPERTY WITH NO USE","","D","","1,016,205","182,236",40.666815,-73.884813,"POINT (-73.884813 40.666815)","BK",4078,11,305,3112400,31124001001,1124,1001,19,42,11207,"E225",75,33,6420,3,5,"4E","581 jerome st","R5","","","","","","","",NA,"","N","V0",11,0,"C","NYC HOUSING PRESERVATION AND DEVELOPMENT",2000,0,NA,NA,NA,NA,NA,NA,NA,NA,7,0,NA,0,0,20,100,0,0,"",0,"N",5,5,12300,12300,12300,0,0,0,"","",0,1.5,0,2,3,NA,1124,1016205,182236,"17d","","308 006",31304,"",NA,"",1,NA,NA,"25v4","t",40.6668147,-73.8848131,NA
"40",3,3725,12,3037250012,"3,037,250,012",305,"492","GLENMORE AVENUE","492 GLENMORE AVENUE","","HPD",1520,"NO USE-VACANT LAND","C",3,8,"PROPERTY WITH NO USE","","D","","1,014,203","184,690",40.673558,-73.892019,"POINT (-73.892019 40.673558)","BK",3725,12,305,3115200,31152002003,1152,2003,19,42,11207,"L175",75,33,6100,3,5,"1D","492 glenmore ave","R5B","","","","","","","",NA,"","N","V0",11,0,"C","SUTTER PLACE 2022 HOUSING DEVELOPMENT FU ND CORP.",5000,0,NA,NA,NA,NA,NA,NA,NA,NA,7,0,NA,0,0,50,100,0,0,"",0,"N",5,5,39300,39300,39300,0,0,0,"","",0,1.5,0,2,3,NA,1152,1014203,184690,"17c","","316 019",31206,"",3037250012,"08/02/2024",1,NA,NA,"25v4","",40.6735574,-73.8920187,NA
"41",3,3682,27,3036820027,"3,036,820,027",305,"2528","ATLANTIC AVENUE","2528 ATLANTIC AVENUE","ATLANTIC AVENUE FIRE MEMORIAL","DCAS",1520,"NO USE-VACANT LAND","C",3,8,"PROPERTY WITH NO USE","","","","1,011,700","185,317",40.675287,-73.90104,"POINT (-73.90104 40.675287)","BK",3682,27,305,3114400,31144001005,1144,1002,19,37,11207,"L120",75,33,5700,3,5,"1C","2528 atlantic ave","M1-4","","","","","","","",NA,"","N","V1",11,0,"C","NYC DEPARTMENT OF CITYWIDE ADMINISTRATIVE SERVICES",2000,0,NA,NA,NA,NA,NA,NA,NA,NA,7,1,NA,0,0,20.33,101,0,0,"",0,"Y",5,5,60300,60300,60300,0,0,0,"","",0,0,2,6.5,3,NA,1144,1011700,185317,"17c","","316 009",31205,"",NA,"",1,NA,NA,"25v4","t",40.6752865,-73.9010396,NA
"42",3,3801,49,3038010049,"3,038,010,049",305,"462","WILLIAMS AVENUE","462 WILLIAMS AVENUE","","HPD",1520,"NO USE-VACANT LAND","C",3,8,"PROPERTY WITH NO USE","","D","","1,012,526","181,323",40.664322,-73.898078,"POINT (-73.898078 40.664322)","BK",3801,49,305,3113000,31130001002,1130,1002,19,42,11207,"E231",75,33,6300,3,5,"4C","474 williams ave","R7A","","","","C2-4","","","",NA,"","N","V1",11,0,"C","NYC HOUSING PRESERVATION AND DEVELOPMENT",5000,0,NA,NA,NA,NA,NA,NA,NA,NA,7,0,NA,0,0,50,100,0,0,"",0,"N",3,5,256500,256500,256500,0,0,0,"","",0,4,0,4,3,NA,1130,1012526,181323,"17d","","316 030",31207,"",NA,"",1,NA,NA,"25v4","t",40.6643213,-73.8980785,NA
"43",3,1754,28,3017540028,"3,017,540,028",303,"792","MYRTLE AVENUE","792 MYRTLE AVENUE","","HPD",1520,"NO USE-VACANT LAND","C",3,8,"PROPERTY WITH NO USE","","D","","997,930","192,475",40.694966,-73.950667,"POINT (-73.950667 40.694966)","BK",1754,28,303,3025300,30253001000,253,1000,14,36,11206,"L102",79,36,1800,3,3,"1A","792 myrtle ave","R7D","","","","C2-4","","","",NA,"","N","V1",11,0,"C","NYC HOUSING PRESERVATION AND DEVELOPMENT",2500,0,NA,NA,NA,NA,NA,NA,NA,NA,7,0,NA,0,0,25,100,0,0,"",0,"N",5,5,246150,246150,246150,0,0,0,"","",0,4.66,0,4.66,3,NA,253,997930,192475,"13b","","303 062",30609,"",NA,"",1,NA,NA,"25v4","t",40.6949656,-73.9506675,NA
"44",3,1815,20,3018150020,"3,018,150,020",303,"","GATES AVENUE","GATES AVENUE","","DCAS",1520,"NO USE-VACANT LAND","C",3,8,"PROPERTY WITH NO USE","","","","999,922","189,453",40.686668,-73.943491,"POINT (-73.943491 40.686668)","BK",1815,20,303,3026500,30265003000,265,3000,13,36,11221,"E235",79,32,2000,3,3,"3B","gates ave","R6A","","","","","","","",NA,"","N","V0",11,0,"C","NYC DEPARTMENT OF CITYWIDE ADMINISTRATIVE SERVICES",144,0,NA,NA,NA,NA,NA,NA,NA,NA,7,0,NA,0,0,25.5,7,0,0,"",0,"Y",5,5,120,120,120,0,0,0,"","",0,3,0,3,3,NA,265,999922,189453,"17a","","305 018",30610,"",NA,"",1,NA,NA,"25v4","t",40.6866676,-73.943491,NA
"45",3,2269,23,3022690023,"3,022,690,023",301,"86","GERRY STREET","86 GERRY STREET","","HPD",1520,"NO USE-VACANT LAND","C",3,8,"PROPERTY WITH NO USE","","D","","999,051","194,926",40.701692,-73.94662,"POINT (-73.94662 40.701692)","BK",2269,23,301,3050700,30507001008,507,1008,14,33,11206,"E230",90,30,1500,3,1,"4B","86 gerry st","R7A","","","","","","","",NA,"","N","V0",11,0,"C","NYC HOUSING PRESERVATION AND DEVELOPMENT",2500,0,NA,NA,NA,NA,NA,NA,NA,NA,7,0,NA,0,0,25,100,0,0,"",0,"N",5,5,40140,40140,40140,0,0,0,"","",0,4,0,4,3,NA,507,999051,194926,"13b","","303 036",30803,"E-238",NA,"",1,NA,NA,"25v4","t",40.7016912,-73.9466195,NA
"46",3,4030,20,3040300020,"3,040,300,020",305,"482","WARWICK STREET","482 WARWICK STREET","","HPD",1520,"NO USE-VACANT LAND","C",3,8,"PROPERTY WITH NO USE","","D","","1,015,965","183,994",40.671641,-73.88567,"POINT (-73.88567 40.671641)","BK",4030,20,305,3116200,31162001003,1162,1002,19,42,11207,"E225",75,33,6200,3,5,"1D","482 warwick st","R5","","","","","","","",NA,"","N","V0",11,0,"C","NYC HOUSING PRESERVATION AND DEVELOPMENT",2000,0,NA,NA,NA,NA,NA,NA,NA,NA,7,1,NA,0,0,20,100,0,0,"",0,"N",5,5,12300,12300,12300,0,0,0,"","",0,1.5,0,2,3,NA,1162,1015965,183994,"17c","","308 005",31303,"",NA,"",1,NA,NA,"25v4","t",40.6716409,-73.88567,NA
"47",3,3682,28,3036820028,"3,036,820,028",305,"2530","ATLANTIC AVENUE","2530 ATLANTIC AVENUE","ATLANTIC AVENUE FIRE MEMORIAL","DCAS",1520,"NO USE-VACANT LAND","C",3,8,"PROPERTY WITH NO USE","","","","1,011,720","185,319",40.675292,-73.900967,"POINT (-73.900967 40.675292)","BK",3682,28,305,3114400,31144001005,1144,1002,19,37,11207,"L120",75,33,5700,3,5,"1C","2530 atlantic ave","M1-4","","","","","","","",NA,"","N","V1",11,0,"C","NYC DEPARTMENT OF CITYWIDE ADMINISTRATIVE SERVICES",1980,0,NA,NA,NA,NA,NA,NA,NA,NA,7,1,NA,0,0,20.33,97.08,0,0,"",0,"Y",5,5,59400,59400,59400,0,0,0,"","",0,0,2,6.5,3,NA,1144,1011720,185319,"17c","","316 009",31205,"",NA,"",1,NA,NA,"25v4","t",40.6752919,-73.9009674,NA
"48",3,4015,22,3040150022,"3,040,150,022",305,"2358","PITKIN AVENUE","2358 PITKIN AVENUE","","HPD",1520,"NO USE-VACANT LAND","C",3,8,"PROPERTY WITH NO USE","","","","1,016,085","184,574",40.673233,-73.885235,"POINT (-73.885235 40.673233)","BK",4015,22,305,3115000,31150002002,1150,2001,19,42,11207,"E225",75,33,6200,3,5,"1D","2358 pitkin ave","R7A","","","","C2-4","","EC-5","",NA,"","N","V1",11,0,"C","SUTTER PLACE 2022 HOUSING DEVELOPMENT FU ND CORP.",5378,0,NA,NA,NA,NA,NA,NA,NA,NA,7,1,NA,0,0,59.75,90,0,0,"",0,"N",5,5,303300,303300,303300,0,0,0,"","",0,4,0,4,3,NA,1150,1016085,184574,"17c","","308 015",31303,"",3040150022,"08/02/2024",1,NA,NA,"25v4","",40.6732325,-73.8852346,NA
"49",3,3433,42,3034330042,"3,034,330,042",304,"","COOPER STREET","COOPER STREET","","DCAS",1520,"NO USE-VACANT LAND","C",3,8,"PROPERTY WITH NO USE","","","","1,009,407","189,345",40.68635,-73.909291,"POINT (-73.909291 40.68635)","BK",3433,42,304,3040300,30403003000,403,3000,32,37,11207,"Q252",83,34,3500,3,4,"3A","cooper st","R6","","","","","","","",NA,"","N","V0",11,0,"C","NYC DEPARTMENT OF CITYWIDE ADMINISTRATIVE SERVICES",200,0,NA,NA,NA,NA,NA,NA,NA,NA,7,0,NA,0,0,10,20,0,0,"",0,"N",6,5,780,780,780,0,0,0,"","",0,2.43,0,4.8,3,NA,403,1009407,189345,"17c","","305 065",31109,"",NA,"",1,NA,NA,"25v4","t",40.6863493,-73.909291,NA
"50",3,3366,24,3033660024,"3,033,660,024",304,"1125","PUTNAM AVENUE","1125 PUTNAM AVENUE","","DCAS",1520,"NO USE-VACANT LAND","C",3,8,"PROPERTY WITH NO USE","","","","1,006,873","190,326",40.689049,-73.918425,"POINT (-73.918425 40.689049)","BK",3366,24,304,3039700,30397002001,397,2001,32,37,11221,"L112",83,34,3400,3,4,"2A","madison st","R6","","","","","","","",NA,"","N","V0",11,0,"C","NYC DEPARTMENT OF CITYWIDE ADMINISTRATIVE SERVICES",313,0,NA,NA,NA,NA,NA,NA,NA,NA,7,0,NA,0,0,10,31.25,0,0,"",0,"N",5,5,60,60,60,0,0,0,"","",0,2.43,0,4.8,3,NA,397,1006873,190326,"17a","","305 042",31107,"",NA,"",1,NA,NA,"25v4","t",40.6890487,-73.9184246,NA
"51",3,1811,6,3018110006,"3,018,110,006",303,"","QUINCY STREET","QUINCY STREET","","DCAS",1520,"NO USE-VACANT LAND","C",3,8,"PROPERTY WITH NO USE","","","","1,000,500","189,864",40.687795,-73.941406,"POINT (-73.941406 40.687795)","BK",1811,6,303,3027700,30277004000,277,4000,16,36,11221,"E235",79,32,2000,3,3,"3B","quincy st","R6B","","","","","","","",NA,"","N","V0",11,0,"C","NYC DEPARTMENT OF CITYWIDE ADMINISTRATIVE SERVICES",60,0,NA,NA,NA,NA,NA,NA,NA,NA,7,0,NA,0,0,0.4,100,0,0,"",0,"N",5,5,300,300,300,0,0,0,"","",0,2,0,2,3,NA,277,1000500,189864,"17a","","305 019",30610,"",NA,"",1,NA,NA,"25v4","t",40.6877946,-73.9414059,NA
"52",3,3801,47,3038010047,"3,038,010,047",305,"456","WILLIAMS AVENUE","456 WILLIAMS AVENUE","","HPD",1520,"NO USE-VACANT LAND","C",3,8,"PROPERTY WITH NO USE","","D","","1,012,516","181,372",40.664456,-73.898114,"POINT (-73.898114 40.664456)","BK",3801,47,305,3113000,31130001002,1130,1002,19,42,11207,"E231",75,33,6300,3,5,"4C","464 williams ave","R7A","R6","","","C2-4","","","",NA,"","Y","V1",11,0,"C","NYC HOUSING PRESERVATION AND DEVELOPMENT",5000,0,NA,NA,NA,NA,NA,NA,NA,NA,7,0,NA,0,0,50,100,0,0,"",0,"N",5,5,281700,281700,281700,0,0,0,"","",0,4,0,4,3,NA,1130,1012516,181372,"17d","","316 030",31207,"",NA,"",1,NA,NA,"25v4","t",40.6644558,-73.8981143,NA
"53",3,1754,25,3017540025,"3,017,540,025",303,"786","MYRTLE AVENUE","786 MYRTLE AVENUE","","HPD",1520,"NO USE-VACANT LAND","C",3,8,"PROPERTY WITH NO USE","","D","","997,856","192,464",40.694936,-73.950934,"POINT (-73.950934 40.694936)","BK",1754,25,303,3025300,30253001000,253,1000,14,36,11206,"L102",79,36,1800,3,3,"1A","786 myrtle ave","R7D","","","","C2-4","","","",NA,"","N","V1",11,0,"C","NYC HOUSING PRESERVATION AND DEVELOPMENT",2500,0,NA,NA,NA,NA,NA,NA,NA,NA,7,0,NA,0,0,25,100,0,0,"",0,"N",5,5,246150,246150,246150,0,0,0,"","",0,4.66,0,4.66,3,NA,253,997856,192464,"13b","","303 062",30609,"",NA,"",1,NA,NA,"25v4","t",40.6949355,-73.9509343,NA
"54",3,3300,116,3033000116,"3,033,000,116",304,"1366","GREENE AVENUE","1366 GREENE AVENUE","","DCAS",1520,"NO USE-VACANT LAND","C",3,8,"PROPERTY WITH NO USE","","","","1,007,074","194,075",40.699339,-73.917687,"POINT (-73.917687 40.699339)","BK",3300,116,304,3043100,30431001001,431,1001,32,37,11237,"E271",83,34,3300,3,4,"2B","greene ave","R6","C4-3","","","","","","",NA,"","Y","V3",11,0,"C","NYC DEPARTMENT OF CITYWIDE ADMINISTRATIVE SERVICES",200,0,NA,NA,NA,NA,NA,NA,NA,NA,7,0,NA,0,0,10,20,0,0,"",0,"N",6,5,66,66,66,0,0,0,"","",0,2.43,0,4.8,3,NA,431,1007074,194075,"13b","","309 040",31105,"",NA,"",1,NA,NA,"25v4","t",40.6993383,-73.9176871,NA
"55",3,1830,135,3018300135,"3,018,300,135",303,"494A","PUTNAM AVENUE","494A PUTNAM AVENUE","","DCAS",1520,"NO USE-VACANT LAND","C",3,8,"PROPERTY WITH NO USE","","","","1,000,419","188,757",40.684757,-73.941701,"POINT (-73.941701 40.684757)","BK",1830,135,303,3026700,30267002000,267,2000,13,36,11221,"E235",79,32,2800,3,3,"3A","494a putnam ave","R6B","","","","","","","",NA,"","N","V0",11,0,"C","NYC DEPARTMENT OF CITYWIDE ADMINISTRATIVE SERVICES",58,0,NA,NA,NA,NA,NA,NA,NA,NA,7,0,NA,0,0,0.58,100,0,0,"",0,"N",5,5,300,300,300,0,0,0,"","",0,2,0,2,3,NA,267,1000419,188757,"17a","","305 032",30611,"",NA,"",1,NA,NA,"25v4","t",40.6847563,-73.9417006,NA
"56",3,1754,32,3017540032,"3,017,540,032",303,"800","MYRTLE AVENUE","800 MYRTLE AVENUE","","HPD",1520,"NO USE-VACANT LAND","C",3,8,"PROPERTY WITH NO USE","","D","","998,028","192,490",40.695007,-73.950314,"POINT (-73.950314 40.695007)","BK",1754,32,303,3025300,30253001000,253,1000,14,36,11206,"L102",79,36,1800,3,3,"1A","800 myrtle ave","R7D","","","","C2-4","","","",NA,"","N","V1",11,0,"C","NYC HOUSING PRESERVATION AND DEVELOPMENT",2500,0,NA,NA,NA,NA,NA,NA,NA,NA,7,0,NA,0,0,25,100,0,0,"",0,"N",5,5,246150,246150,246150,0,0,0,"","",0,4.66,0,4.66,3,NA,253,998028,192490,"13b","","303 062",30609,"E-285",NA,"",1,NA,NA,"25v4","t",40.6950066,-73.950314,NA
"57",3,2269,47,3022690047,"3,022,690,047",301,"41","BARTLETT STREET","41 BARTLETT STREET","","HPD",1520,"NO USE-VACANT LAND","C",3,8,"PROPERTY WITH NO USE","","D","S","998,963","194,718",40.701121,-73.946937,"POINT (-73.946937 40.701121)","BK",2269,47,301,3050700,30507001008,507,1008,14,33,11206,"E230",90,30,1500,3,1,"4B","41 bartlett st","R7A","","","","","","","",NA,"","N","V0",11,0,"C","NYC HOUSING PRESERVATION AND DEVELOPMENT",2500,0,NA,NA,NA,NA,NA,NA,NA,NA,7,1,NA,0,0,25,100,0,0,"",0,"N",5,5,40140,40140,40140,0,0,0,"","",0,4,0,4,3,NA,507,998963,194718,"13b","","303 036",30803,"E-238",NA,"",1,NA,NA,"25v4","t",40.7011204,-73.9469374,NA
"58",3,1806,69,3018060069,"3,018,060,069",303,"","QUINCY STREET","QUINCY STREET","","DCAS",1520,"NO USE-VACANT LAND","C",3,8,"PROPERTY WITH NO USE","","","","1,000,599","190,046",40.688294,-73.941048,"POINT (-73.941048 40.688294)","BK",1806,69,303,3027900,30279004001,279,4001,16,36,11221,"E235",79,32,2100,3,3,"3B","quincy st","R6B","","","","","","","",NA,"","N","V0",11,0,"C","NYC DEPARTMENT OF CITYWIDE ADMINISTRATIVE SERVICES",433,0,NA,NA,NA,NA,NA,NA,NA,NA,7,0,NA,0,0,4.33,100,0,0,"",0,"N",5,5,60,60,60,0,0,0,"","",0,2,0,2,3,NA,279,1000599,190046,"17a","","305 019",30610,"",NA,"",1,NA,NA,"25v4","t",40.688294,-73.9410485,NA
"59",3,1760,151,3017600151,"3,017,600,151",303,"","","","","DCAS",1520,"NO USE-VACANT LAND","C",3,8,"PROPERTY WITH NO USE","","","","999,842","192,389",40.694727,-73.943773,"POINT (-73.943773 40.694727)","BK",1760,151,303,3025901,30259011003,259.01,1003,14,36,11206,"L102",79,36,1800,3,3,"1B","willoughby ave","R6B","","","","","","","",NA,"","N","V0",11,0,"C","NYC DEPARTMENT OF CITYWIDE ADMINISTRATIVE SERVICES",100,0,NA,NA,NA,NA,NA,NA,NA,NA,7,0,NA,0,0,0.07,100,0,0,"",0,"N",5,5,120,120,120,0,0,0,"","",0,2,0,2,3,NA,25901,999842,192389,"13b","","303 064",30609,"",NA,"",1,NA,NA,"25v4","t",40.6947264,-73.9437726,NA
"60",3,4009,47,3040090047,"3,040,090,047",305,"342","VAN SICLEN AVENUE","342 VAN SICLEN AVENUE","","HPD",1520,"NO USE-VACANT LAND","C",3,8,"PROPERTY WITH NO USE","","D","","1,014,682","183,947",40.671517,-73.890295,"POINT (-73.890295 40.671517)","BK",4009,47,305,3115200,31152003002,1152,3002,19,42,11207,"L103",75,33,6100,3,5,"1D","342 van siclen ave","R6","","","","","","","",NA,"","N","V0",11,0,"C","NYC HOUSING PRESERVATION AND DEVELOPMENT",2090,0,NA,NA,NA,NA,NA,NA,NA,NA,7,1,NA,0,0,22,95,0,0,"",0,"N",3,5,7140,7140,7140,0,0,0,"","",0,2.43,0,4.8,3,NA,1152,1014682,183947,"17c","","316 019",31303,"",NA,"",1,NA,NA,"25v4","t",40.6715164,-73.8902953,NA
"61",3,3784,127,3037840127,"3,037,840,127",305,"530-40","BLAKE AVENUE","530-40 BLAKE AVENUE","","HPD",1520,"NO USE-VACANT LAND","C",3,8,"PROPERTY WITH NO USE","","D","","1,012,237","182,259",40.666892,-73.899116,"POINT (-73.899116 40.666892)","BK",3784,127,305,3113400,31134002001,1134,2001,19,42,11207,"E231",75,33,5900,3,5,"4C","hinsdale st","R6","","","","C2-3","","","",NA,"","N","V1",11,0,"C","NYC HOUSING PRESERVATION AND DEVELOPMENT",15000,0,NA,NA,NA,NA,NA,NA,NA,NA,7,1,NA,0,0,150,100,0,0,"",0,"N",3,5,467550,467550,467550,0,0,0,"","",0,2.43,0,4.8,3,NA,1134,1012237,182259,"17d","","316 023",31207,"",3037840006,"07/17/1998",1,NA,NA,"25v4","t",40.6668913,-73.8991163,NA
"62",3,3308,32,3033080032,"3,033,080,032",304,"235","MENAHAN STREET","235 MENAHAN STREET","","DCAS",1520,"NO USE-VACANT LAND","C",3,8,"PROPERTY WITH NO USE","","","","1,007,278","193,815",40.698625,-73.916952,"POINT (-73.916952 40.698625)","BK",3308,32,304,3043300,30433002003,433,2003,32,37,11237,"E271",83,34,3300,3,4,"2B","menahan st","R6","","","","C2-3","","","",NA,"","N","V1",11,0,"C","NYC DEPARTMENT OF CITYWIDE ADMINISTRATIVE SERVICES",54,0,NA,NA,NA,NA,NA,NA,NA,NA,7,0,NA,0,0,9,12,0,0,"",0,"Y",6,5,1440,1440,1440,0,0,0,"","",0,2.43,0,4.8,3,NA,433,1007278,193815,"13b","","309 040",31105,"",NA,"",1,NA,NA,"25v4","t",40.6986242,-73.9169523,NA
"63",3,4074,39,3040740039,"3,040,740,039",305,"781","LIVONIA AVENUE","781 LIVONIA AVENUE","","HPD",1520,"NO USE-VACANT LAND","C",3,8,"PROPERTY WITH NO USE","","D","","1,015,305","181,895",40.665882,-73.888059,"POINT (-73.888059 40.665882)","BK",4074,39,305,3112400,31124002002,1124,2002,19,42,11207,"E225",75,33,6420,3,5,"4E","781 livonia ave","R5","","","","","","","",NA,"","N","C0",2,0,"C","NYC HOUSING PRESERVATION AND DEVELOPMENT",2500,2680,0,2680,0,0,0,0,0,0,2,1,2,3,3,25,100,20,67,"N",1,"N",5,2,12900,69540,69540,1901,0,0,"","",1.07,1.5,0,2,3,NA,1124,1015305,181895,"17d","","316 033",31304,"",NA,"",1,NA,NA,"25v4","t",40.665882,-73.8880589,NA
"64",3,2269,17,3022690017,"3,022,690,017",301,"74","GERRY STREET","74 GERRY STREET","","HPD",1520,"NO USE-VACANT LAND","C",3,8,"PROPERTY WITH NO USE","","D","S","998,936","194,828",40.701423,-73.947035,"POINT (-73.947035 40.701423)","BK",2269,17,301,3050700,30507001008,507,1008,14,33,11206,"E230",90,30,1500,3,1,"4B","74 gerry st","R7A","","","","","","","",NA,"","N","V0",11,0,"C","NYC HOUSING PRESERVATION AND DEVELOPMENT",2500,0,NA,NA,NA,NA,NA,NA,NA,NA,7,0,NA,0,0,25,100,0,0,"",0,"N",5,5,40140,40140,40140,0,0,0,"","",0,4,0,4,3,NA,507,998936,194828,"13b","","303 036",30803,"E-238",NA,"",1,NA,NA,"25v4","t",40.7014224,-73.9470345,NA
"65",3,4317,56,3043170056,"3,043,170,056",305,"2B","WILLIAMS AVENUE","2B WILLIAMS AVENUE","","DCAS",1520,"NO USE-VACANT LAND","C",3,8,"PROPERTY WITH NO USE","","","","1,013,124","178,861",40.657562,-73.895934,"POINT (-73.895934 40.657562)","BK",4317,56,305,3109800,31098005007,1098,1000,19,42,11207,"E290",75,33,7520,3,5,"4C","williams ave","R6","","","","","","","",NA,"","N","G7",10,0,"C","NYC DEPARTMENT OF CITYWIDE ADMINISTRATIVE SERVICES",317,0,NA,NA,NA,NA,NA,NA,NA,NA,7,0,NA,0,0,14.67,21.58,0,0,"",0,"Y",5,5,450,450,450,0,0,0,"","",0,2.43,0,4.8,3,NA,1098,1013124,178861,"17d","","317 013",31401,"",NA,"",1,NA,NA,"25v4","t",40.6575617,-73.8959335,NA
"66",3,1602,11,3016020011,"3,016,020,011",303,"966","DEKALB AVENUE","966 DEKALB AVENUE","","HRA",1520,"NO USE-VACANT LAND","C",3,8,"PROPERTY WITH NO USE","","","","1,001,832","191,713",40.692867,-73.936598,"POINT (-73.936598 40.692867)","BK",1602,11,303,3028900,30289003001,289,3001,16,36,11221,"E217",81,36,1900,3,3,"4B","966 dekalb ave","R6A","","","","C2-4","","","",NA,"","N","Q1",9,0,"C","NYC HUMAN RESOURCES ADMINISTRATION",2980,0,NA,NA,NA,NA,NA,NA,NA,NA,7,0,NA,0,0,37.25,80,0,0,"N",0,"N",5,0,19562,19562,19562,0,0,0,"","",0,3,0,3,3,NA,289,1001832,191713,"17a","","305 009",30604,"",NA,"",1,NA,NA,"25v4","t",40.6928672,-73.9365981,NA
"67",3,1658,148,3016580148,"3,016,580,148",303,"","RALPH AVENUE","RALPH AVENUE","","DCAS",1520,"NO USE-VACANT LAND","C",3,8,"PROPERTY WITH NO USE","","","","1,005,389","189,178",40.685902,-73.923779,"POINT (-73.923779 40.685902)","BK",1658,148,303,3038300,30383001000,383,1000,16,41,11221,"E222",81,32,3000,3,3,"5A","ralph ave","R6A","","","","C2-4","","","",NA,"","N","V1",11,0,"C","NYC DEPARTMENT OF CITYWIDE ADMINISTRATIVE SERVICES",333,0,NA,NA,NA,NA,NA,NA,NA,NA,7,0,NA,0,0,3.33,100,0,0,"",0,"N",5,5,450,450,450,0,0,0,"","",0,3,0,3,3,NA,383,1005389,189178,"17a","","305 038",30606,"",NA,"",1,NA,NA,"25v4","t",40.6859014,-73.9237793,NA
"68",3,2269,50,3022690050,"3,022,690,050",301,"35","BARTLETT STREET","35 BARTLETT STREET","","HPD",1520,"NO USE-VACANT LAND","C",3,8,"PROPERTY WITH NO USE","","D","S","998,907","194,671",40.700992,-73.947139,"POINT (-73.947139 40.700992)","BK",2269,50,301,3050700,30507001008,507,1008,14,33,11206,"E230",90,30,1500,3,1,"4B","35 bartlett st","R7A","","","","","","","",NA,"","N","V0",11,0,"C","NYC HOUSING PRESERVATION AND DEVELOPMENT",2500,0,NA,NA,NA,NA,NA,NA,NA,NA,7,1,NA,0,0,25,100,0,0,"",0,"N",5,5,40140,40140,40140,0,0,0,"","",0,4,0,4,3,NA,507,998907,194671,"13b","","303 036",30803,"E-238",NA,"",1,NA,NA,"25v4","t",40.7009915,-73.9471394,NA
"69",3,2269,16,3022690016,"3,022,690,016",301,"72","GERRY STREET","72 GERRY STREET","","HPD",1520,"NO USE-VACANT LAND","C",3,8,"PROPERTY WITH NO USE","","D","S","998,912","194,807",40.701365,-73.947121,"POINT (-73.947121 40.701365)","BK",2269,16,301,3050700,30507001008,507,1008,14,33,11206,"E230",90,30,1500,3,1,"4B","gerry st","R7A","","","","","","","",NA,"","N","V0",11,0,"C","NYC HOUSING PRESERVATION AND DEVELOPMENT",3750,0,NA,NA,NA,NA,NA,NA,NA,NA,7,1,NA,0,0,37.5,100,0,0,"",0,"N",5,5,48420,48420,48420,0,0,0,"","",0,4,0,4,3,NA,507,998912,194807,"13b","","303 036",30803,"E-238",NA,"",1,NA,NA,"25v4","t",40.7013648,-73.9471211,NA
"70",3,1754,24,3017540024,"3,017,540,024",303,"784","MYRTLE AVENUE","784 MYRTLE AVENUE","","HPD",1520,"NO USE-VACANT LAND","C",3,8,"PROPERTY WITH NO USE","","D","S","997,831","192,460",40.694925,-73.951025,"POINT (-73.951025 40.694925)","BK",1754,24,303,3025300,30253001000,253,1000,14,36,11206,"L102",79,36,1800,3,3,"1A","784 myrtle ave","R7D","","","","C2-4","","","",NA,"","N","V1",11,0,"C","NYC HOUSING PRESERVATION AND DEVELOPMENT",2500,0,NA,NA,NA,NA,NA,NA,NA,NA,7,0,NA,0,0,25,100,0,0,"",0,"N",5,5,246150,246150,246150,0,0,0,"","",0,4.66,0,4.66,3,NA,253,997831,192460,"13b","","303 062",30609,"",NA,"",1,NA,NA,"25v4","t",40.6949246,-73.9510245,NA
"71",3,4010,6,3040100006,"3,040,100,006",305,"329","VAN SICLEN AVENUE","329 VAN SICLEN AVENUE","","HPD",1520,"NO USE-VACANT LAND","C",3,8,"PROPERTY WITH NO USE","","D","","1,014,814","184,076",40.67187,-73.889819,"POINT (-73.889819 40.67187)","BK",4010,6,305,3115200,31152003001,1152,3001,19,42,11207,"E225",75,33,6100,3,5,"1D","329 van siclen ave","R6","","","","","","","",NA,"","N","V0",11,0,"C","NYC HOUSING PRESERVATION AND DEVELOPMENT",2500,0,NA,NA,NA,NA,NA,NA,NA,NA,7,0,NA,0,0,25,100,0,0,"",0,"N",5,5,9660,9660,9660,0,0,0,"","",0,2.43,0,4.8,3,NA,1152,1014814,184076,"17c","","316 019",31303,"",NA,"",1,NA,NA,"25v4","t",40.67187,-73.8898189,NA
"72",3,3412,131,3034120131,"3,034,120,131",304,"","KNICKERBOCKER AVENUE","KNICKERBOCKER AVENUE","","DCAS",1520,"NO USE-VACANT LAND","C",3,8,"PROPERTY WITH NO USE","","","","1,009,748","191,578",40.692478,-73.908053,"POINT (-73.908053 40.692478)","BK",3412,131,304,3043700,30437002002,437,2002,32,37,11207,"L112",83,34,3500,3,4,"3B","knickerbocker ave","R6","","","","","","","",NA,"","N","V0",11,0,"C","NYC DEPARTMENT OF CITYWIDE ADMINISTRATIVE SERVICES",100,0,NA,NA,NA,NA,NA,NA,NA,NA,7,0,NA,0,0,20,5,0,0,"",0,"N",5,5,120,120,120,0,0,0,"","",0,2.43,0,4.8,3,NA,437,1009748,191578,"17c","","309 045",31108,"",NA,"",1,NA,NA,"25v4","t",40.6924774,-73.908053,NA
"73",3,2269,14,3022690014,"3,022,690,014",301,"68","GERRY STREET","68 GERRY STREET","","HPD",1520,"NO USE-VACANT LAND","C",3,8,"PROPERTY WITH NO USE","","D","S","998,884","194,783",40.701299,-73.947222,"POINT (-73.947222 40.701299)","BK",2269,14,301,3050700,30507001008,507,1008,14,33,11206,"E230",90,30,1500,3,1,"4B","gerry st","R7A","","","","","","","",NA,"","N","V0",11,0,"C","NYC HOUSING PRESERVATION AND DEVELOPMENT",3750,0,NA,NA,NA,NA,NA,NA,NA,NA,7,1,NA,0,0,37.5,100,0,0,"",0,"N",5,5,48420,48420,48420,0,0,0,"","",0,4,0,4,3,NA,507,998884,194783,"13b","","303 036",30803,"E-238",NA,"",1,NA,NA,"25v4","t",40.701299,-73.9472221,NA
"74",3,4558,110,3045580110,"3,045,580,110",305,"","E.","E.","","DCAS",1520,"NO USE-VACANT LAND","C",3,8,"PROPERTY WITH NO USE","","","","1,024,115","181,248",40.664071,-73.856306,"POINT (-73.856306 40.664071)","BK",4558,110,305,3110400,31104001017,1104,1016,19,42,11207,"E290",75,33,6420,3,5,"4C","110 wortman ave","R4","","","","","","","",NA,"","N","V0",11,0,"C","NYC DEPARTMENT OF CITYWIDE ADMINISTRATIVE SERVICES",17960,0,NA,NA,NA,NA,NA,NA,NA,NA,7,0,NA,0,0,100,208,0,0,"",0,"Y",5,5,101580,101580,101580,0,0,0,"","",0,1,0,2,3,NA,1104,1024115,181248,"18b","","308 075",31405,"",NA,"",1,NA,NA,"25v4","t",40.6640708,-73.8563062,NA
"75",3,1754,31,3017540031,"3,017,540,031",303,"798","MYRTLE AVENUE","798 MYRTLE AVENUE","","HPD",1520,"NO USE-VACANT LAND","C",3,8,"PROPERTY WITH NO USE","","D","","998,004","192,487",40.694999,-73.950401,"POINT (-73.950401 40.694999)","BK",1754,31,303,3025300,30253001000,253,1000,14,36,11206,"L102",79,36,1800,3,3,"1A","798 myrtle ave","R7D","","","","C2-4","","","",NA,"","N","V1",11,0,"C","NYC HOUSING PRESERVATION AND DEVELOPMENT",2500,0,NA,NA,NA,NA,NA,NA,NA,NA,7,0,NA,0,0,25,100,0,0,"",0,"N",5,5,246150,246150,246150,0,0,0,"","",0,4.66,0,4.66,3,NA,253,998004,192487,"13b","","303 062",30609,"",NA,"",1,NA,NA,"25v4","t",40.6949984,-73.9504006,NA
"76",3,3715,113,3037150113,"3,037,150,113",305,"256","GLENMORE AVENUE","256 GLENMORE AVENUE","","DCAS",1520,"NO USE-VACANT LAND","C",3,8,"PROPERTY WITH NO USE","","","","1,011,624","184,182",40.672172,-73.901318,"POINT (-73.901318 40.672172)","BK",3715,113,305,3114400,31144001014,1144,1011,19,37,11207,"L120",75,33,5700,3,5,"1C","glenmore ave","M1-4","","","","","","","",NA,"","N","G7",10,0,"C","NYC DEPARTMENT OF CITYWIDE ADMINISTRATIVE SERVICES",4200,0,NA,NA,NA,NA,NA,NA,NA,NA,7,0,NA,0,0,42,100,0,0,"",0,"N",5,5,146700,146700,146700,0,0,0,"","",0,0,2,6.5,3,NA,1144,1011624,184182,"17c","","316 016",31205,"",3037150021,"04/29/2005",1,NA,NA,"25v4","t",40.6721714,-73.9013182,NA
"77",3,3475,64,3034750064,"3,034,750,064",304,"","CENTRAL AVENUE","CENTRAL AVENUE","","DCAS",1520,"NO USE-VACANT LAND","C",3,8,"PROPERTY WITH NO USE","","","","1,010,574","189,746",40.687447,-73.905082,"POINT (-73.905082 40.687447)","BK",3475,64,304,3039100,30391002004,391,2005,32,34,11221,"E218",83,34,1710,3,4,"1A","bushwick ave","M1-1","R3-2","","","","","","",NA,"","Y","V0",11,0,"C","NYC DEPARTMENT OF CITYWIDE ADMINISTRATIVE SERVICES",537,0,NA,NA,NA,NA,NA,NA,NA,NA,7,0,NA,0,0,186,2060,0,0,"",0,"N",6,5,1020,1020,1020,0,0,0,"","",0,0,1,2.4,3,NA,391,1010574,189746,"17c","","309 021",31109,"",NA,"",1,NA,NA,"25v4","t",40.6874465,-73.9050816,NA
"78",3,2266,36,3022660036,"3,022,660,036",301,"99","GERRY STREET","99 GERRY STREET","","HPD",1520,"NO USE-VACANT LAND","C",3,8,"PROPERTY WITH NO USE","","D","","998,978","195,087",40.702134,-73.946882,"POINT (-73.946882 40.702134)","BK",2266,36,301,3050700,30507001007,507,1007,14,33,11206,"E230",90,30,1500,3,1,"4B","99 gerry st","R7A","","","","","","","",NA,"","N","V0",11,0,"C","NYC HOUSING PRESERVATION AND DEVELOPMENT",2500,0,NA,NA,NA,NA,NA,NA,NA,NA,7,0,NA,0,0,25,100,0,0,"",0,"N",5,5,40140,40140,40140,0,0,0,"","",0,4,0,4,3,NA,507,998978,195087,"13b","","303 036",30803,"E-238",NA,"",1,NA,NA,"25v4","t",40.7021332,-73.9468825,NA
"79",3,3486,33,3034860033,"3,034,860,033",305,"00036","VERMONT STREET","00036 VERMONT STREET","","HPD",1520,"NO USE-VACANT LAND","C",3,8,"PROPERTY WITH NO USE","","D","","1,013,078","186,776",40.679287,-73.896065,"POINT (-73.896065 40.679287)","BK",3486,33,305,3114201,31142012007,1142.01,2007,19,37,11207,"L175",75,34,3820,3,5,"1C","36 vermont st","R4","","","","","","","",NA,"","N","V0",11,0,"C","NYC HOUSING PRESERVATION AND DEVELOPMENT",2300,0,NA,NA,NA,NA,NA,NA,NA,NA,7,0,NA,0,0,23,100,0,0,"",0,"N",5,5,10140,10140,10140,0,0,0,"","",0,1,0,2,3,NA,114201,1013078,186776,"17c","","316 002",31109,"",NA,"",1,NA,NA,"25v4","t",40.6792868,-73.8960655,NA
"80",3,4348,48,3043480048,"3,043,480,048",305,"885","NEW JERSEY AVENUE","885 NEW JERSEY AVENUE","","HPD",1520,"NO USE-VACANT LAND","C",3,8,"PROPERTY WITH NO USE","","D","","1,015,084","179,044",40.658058,-73.888869,"POINT (-73.888869 40.658058)","BK",4348,48,305,3110400,31104002007,1104,2007,19,42,11207,"L103",75,33,6420,3,5,"4D","885 new jersey ave","R5","","","","","","","",NA,"","N","V0",11,0,"C","NYC HOUSING PRESERVATION AND DEVELOPMENT",2700,0,NA,NA,NA,NA,NA,NA,NA,NA,7,1,NA,0,0,27,100,0,0,"",0,"Y",5,5,17400,17400,17400,0,0,0,"","",0,1.5,0,2,3,NA,1104,1015084,179044,"17d","","317 015",31402,"",NA,"",1,NA,NA,"25v4","t",40.6580574,-73.8888685,NA
"81",3,4030,19,3040300019,"3,040,300,019",305,"480","WARWICK STREET","480 WARWICK STREET","","HPD",1520,"NO USE-VACANT LAND","C",3,8,"PROPERTY WITH NO USE","","D","","1,015,962","184,013",40.671693,-73.885681,"POINT (-73.885681 40.671693)","BK",4030,19,305,3116200,31162001003,1162,1002,19,42,11207,"E225",75,33,6200,3,5,"1D","480 warwick st","R5","","","","","","","",NA,"","N","V0",11,0,"C","NYC HOUSING PRESERVATION AND DEVELOPMENT",2000,0,NA,NA,NA,NA,NA,NA,NA,NA,7,1,NA,0,0,20,100,0,0,"",0,"N",5,5,12300,12300,12300,0,0,0,"","",0,1.5,0,2,3,NA,1162,1015962,184013,"17c","","308 005",31303,"",NA,"",1,NA,NA,"25v4","t",40.6716931,-73.8856807,NA
"82",3,1754,27,3017540027,"3,017,540,027",303,"","MYRTLE AVENUE","MYRTLE AVENUE","","HPD",1520,"NO USE-VACANT LAND","C",3,8,"PROPERTY WITH NO USE","","D","","997,906","192,472",40.694958,-73.950754,"POINT (-73.950754 40.694958)","BK",1754,27,303,3025300,30253001000,253,1000,14,36,11206,"L102",79,36,1800,3,3,"1A","myrtle ave","R7D","","","","C2-4","","","",NA,"","N","V1",11,0,"C","NYC HOUSING PRESERVATION AND DEVELOPMENT",2500,0,NA,NA,NA,NA,NA,NA,NA,NA,7,0,NA,0,0,25,100,0,0,"",0,"N",5,5,246150,246150,246150,0,0,0,"","",0,4.66,0,4.66,3,NA,253,997906,192472,"13b","","303 062",30609,"",NA,"",1,NA,NA,"25v4","t",40.6949574,-73.950754,NA
