"","HUD.ID.Number","Project.Name","address","Project.City","Project.State","Project.ZIP.Code","County","Total.Number.of.Units","Total.Low.Income.Units","Compliance.Monitoring.Status","borough","block","lot","cd","bct2020","bctcb2020","ct2010","cb2010","schooldist","council","zipcode","firecomp","policeprct","healthcenterdistrict","healtharea","sanitboro","sanitdistrict","sanitsub","zonedist1","zonedist2","zonedist3","zonedist4","overlay1","overlay2","spdist1","spdist2","spdist3","ltdheight","splitzone","bldgclass","landuse","easements","ownertype","ownername","lotarea","bldgarea","comarea","resarea","officearea","retailarea","garagearea","strgearea","factryarea","otherarea","areasource","numbldgs","numfloors","unitsres","unitstotal","lotfront","lotdepth","bldgfront","bldgdepth","ext","proxcode","irrlotcode","lottype","bsmtcode","assessland","assesstot","exempttot","yearbuilt","yearalter1","yearalter2","histdist","landmark","builtfar","residfar","commfar","facilfar","borocode","bbl","condono","tract2010","xcoord","ycoord","zonemap","zmcode","sanborn","taxmap","edesignum","appbbl","appdate","plutomapid","firm07_flag","pfirm15_flag","version","dcpedited","latitude","longitude","notes"
"1","NYA19930215","PHHP SITE #8","611 pennsylvania ave","BROOKLYN","NY",11207,"Kings County",15,15,"Not Indicated","BK",3840,3,305,3112800,31128002001,1128,2001,19,42,11207,"E290",75,33,6300,3,5,"4D","R6","","","","C1-3","","","",NA,"","N","C1",2,0,"X","HPENY HOUSING DEVELOPMENT FUND COMPANY,  INC.",3963,16956,0,16956,0,0,0,0,0,0,2,1,4,15,15,58.67,94.75,50.67,83.67,"N",0,"Y",5,0,69300,800550,800550,1930,0,0,"","",4.28,2.43,0,4.8,3,3038400003,NA,1128,1013930,180554,"17d","","316 038",31208,"",NA,"",1,NA,NA,"25v4","",40.662206,-73.8930211,NA
"2","NYA19940085","BK10-K","1327 hancock st","BROOKLYN","NY",11237,"Kings County",22,11,"Not Indicated","BK",3392,65,304,3043700,30437003000,437,3000,32,37,11237,"E271",83,34,3500,3,4,"3B","R6","","","","","","","",NA,"","N","C2",2,0,"","BISHOP BK, LLC",2500,5250,0,5250,0,0,0,0,0,0,2,1,3,6,6,25,100,25,70,"N",0,"N",5,5,4500,540000,117139,1907,1995,0,"","",2.1,2.43,0,4.8,3,3033920065,NA,437,1009357,192256,"13d","","309 044",31107,"",NA,"",1,NA,NA,"25v4","",40.6943394,-73.9094605,NA
"3","NYA19950165","GREEN AVENUE","763 greene ave","BROOKLYN","NY",11221,"Kings County",41,22,"Not Indicated","BK",1614,58,303,3027900,30279002000,279,2000,16,36,11221,"E214",81,32,2100,3,3,"3B","R6B","","","","","","","",NA,"","N","C1",2,0,"","KLANSTUY REALTY LLC 25%",10000,36000,0,36000,0,0,0,0,0,0,2,2,4,32,32,100,100,100,90,"N",0,"N",5,2,135900,1647000,1206000,1931,1994,0,"","",3.6,2,0,2,3,3016140058,NA,279,1001476,190727,"17a","","305 008",30604,"",3016140058,"12/18/1995",1,NA,NA,"25v4","",40.6901615,-73.9378844,NA
"4","NYA19950200","HOPE EQUITIES","827 lafayette ave","BROOKLYN","NY",11221,"Kings County",65,39,"Not Indicated","BK",1605,76,303,3028100,30281002001,281,2001,16,36,11221,"E214",81,36,1900,3,3,"3B","R6A","R6B","","","C2-4","","","",NA,"","Y","C1",2,0,"X","ECDO CITYWIDE PRESERVATION HOUSING DEVEL OPMENT",11890,28400,0,28400,0,0,0,0,0,0,2,3,4,28,28,118.9,100,70,80,"N",0,"N",5,2,214200,481050,481050,1931,1994,0,"","",2.39,3,0,3,3,3016050076,NA,281,1001057,191208,"17a","","305 008",30604,"",3016050076,"08/18/1998",1,NA,NA,"25v4","",40.6914826,-73.9393941,NA
"5","NYA19970020","21ST CENTURY DEVELOPMENT","861 greene ave","BROOKLYN","NY",11221,"Kings County",37,21,"Not Indicated","BK",1616,95,303,3029100,30291001000,291,1000,16,36,11221,"E214",81,32,2100,3,3,"4B","R6A","","","","","","","",NA,"","N","C1",2,0,"","GREENE LG LLC",3000,7800,0,7800,0,0,0,0,0,0,2,1,4,8,8,30,100,30,60,"N",0,"N",5,2,10350,960300,231099,1931,1995,0,"","",2.6,3,0,3,3,3016160095,NA,291,1002737,190916,"17a","","305 010",30604,"",NA,"",1,NA,NA,"25v4","",40.6906777,-73.9333368,NA
"6","NYA19970220","THROOP COURT","388 throop ave","BROOKLYN","NY",11221,"Kings County",53,52,"Not Indicated","BK",1786,39,303,3026100,30261003000,261,3000,16,36,11221,"L102",79,36,1800,3,3,"3B","R6B","","","","C2-4","","","",NA,"","N","D5",3,0,"X","THROOP COURT LIMITEDPARTNERSHIP",14250,46020,0,46020,0,0,0,0,0,0,2,4,3,54,54,125,120,20,76,"N",0,"Y",3,0,134550,1997550,1997550,1931,1995,0,"","",3.23,2,0,2,3,3017860039,NA,261,1000086,191071,"17a","","305 006",30610,"",NA,"",1,NA,NA,"25v4","",40.6911083,-73.9428958,NA
"7","NYA20000100","GENESIS NEIGHBORHOOD CENTER","360 snediker ave","BROOKLYN","NY",11207,"Kings County",52,52,"Not Indicated","BK",3782,130,305,3113400,31134003001,1134,3001,19,42,11207,"E231",75,33,5900,3,5,"4C","R6","","","","","","","",NA,"","N","D6",4,0,"","GENESIS NP, LP",17980,57105,11816,45289,6600,0,0,0,0,5216,2,1,6,52,53,53.6,190.6,53.6,190.6,"N",1,"Y",5,2,163350,2074500,0,2000,2003,0,"","",3.18,2.43,0,4.8,3,3037820130,NA,1134,1011879,181925,"17d","","316 022",31207,"",3037820019,"01/04/2001",1,NA,NA,"25v4","",40.6659757,-73.9004081,NA
"8","NYA20010060","CLOVER HALL","333 kosciuszko st","BROOKLYN","NY",11221,"Kings County",72,72,"Not Indicated","BK",1782,55,303,3028100,30281003003,281,3002,16,36,11221,"L102",79,36,1900,3,3,"3B","R6B","","","","","","","",NA,"","N","C1",2,0,"X","CLOVER HALL LP   C/O",16000,38740,16180,22560,7180,0,0,0,0,9000,2,1,4,72,72,160,100,160,100,"N",0,"N",5,0,118350,2196900,2196900,2000,0,0,"","",2.42,2,0,2,3,3017820055,NA,281,1000522,191398,"17a","","305 007",30610,"",NA,"",1,NA,NA,"25v4","",40.6920051,-73.9413228,NA
"9","NYA20010120","LINDEN COURT","150 linden st","BROOKLYN","NY",11221,"Kings County",40,39,"Not Indicated","BK",3333,58,304,3041700,30417003000,417,3000,32,37,11221,"E277",83,34,3400,3,4,"2A","R6","","","","C1-3","","","",NA,"","N","D1",3,0,"X","LINDEN CENTRAL ASSOCIATES, L.P.",19716,47119,0,47119,0,0,0,0,0,0,2,1,5,40,40,150,200,149.17,58.5,"N",3,"Y",5,0,265950,1708650,1708650,2001,0,0,"","",2.39,2.43,0,4.8,3,3033330058,NA,417,1007003,192277,"13b","","309 016",31106,"",3033330056,"01/03/2002",1,NA,NA,"25v4","",40.6944034,-73.9179493,NA
"10","NYA20010140","NUEVA VISTA","140 johnson ave","BROOKLYN","NY",11206,"Kings County",23,23,"Not Indicated","BK",3070,10,301,3050500,30505003002,505,3002,14,34,11206,"L108",90,30,1500,3,1,"5B","R6","","","","C2-3","","","",NA,"","N","D1",3,0,"X","140 JOHNSON HOUSING DEVELOPMENT FUND COR PORATION",12500,26219,0,26219,0,0,0,0,0,0,2,1,4,24,24,125,100,113.17,57.92,"N",0,"N",5,0,112500,516150,516150,1999,0,0,"","",2.1,2.43,0,4.8,3,3030700010,NA,505,999765,196602,"13b","","303 040",31004,"",3030700010,"01/04/2000",1,NA,NA,"25v4","",40.7062902,-73.9440406,NA
"11","NYA20030130","NOLL STREET APTS","43 central ave","BROOKLYN","NY",11206,"Kings County",60,59,"Not Indicated","BK",3154,1,304,3042500,30425003002,425,3002,32,34,11206,"E218",83,34,2200,3,4,"1A","R6","","","","","","","",NA,"","N","D1",3,0,"X","PALMORE, VALERIE A",29500,78162,0,78162,0,0,0,0,0,0,2,1,7,61,61,200,375,185.25,81.67,"N",0,"Y",3,0,398250,1921950,1921950,2002,0,0,"","",2.65,2.43,0,4.8,3,3031540001,NA,425,1003269,195047,"13b","","309 009",31101,"",3031540001,"09/20/2004",1,NA,NA,"25v4","",40.7020152,-73.9314068,NA
"12","NYA20050330","RHEINGOLD GARDENS","555 bushwick ave","BROOKLYN","NY",11206,"Kings County",93,93,"Not Indicated","BK",3151,12,304,3039100,30391001003,391,1003,14,34,11206,"E218",83,34,1710,3,4,"1A","R7-2","","","","C2-4","","","",NA,"","N","D7",4,0,"X","RHIENGOLD GARDENS HOUSING DEVELOPMENT FU ND COMP.",19052,64184,11730,52454,11730,0,0,0,0,0,2,1,6,42,43,337.36,112.77,337.4,60,"N",1,"Y",5,0,237150,2396250,2396250,2004,2013,0,"","",3.37,3.44,0,6.5,3,3031510012,NA,391,1002187,194086,"13b","","309 008",31101,"",3031510012,"07/27/2023",1,NA,NA,"25v4","",40.6993798,-73.9353117,NA
"13","NYA20060165","QUINCY SENIOR RESIDENCE","625 quincy st","BROOKLYN","NY",11221,"Kings County",94,94,"Not Indicated","BK",1625,34,303,3029100,30291003001,291,3001,16,36,11221,"E214",81,32,2100,3,3,"4B","R6A","R6B","","","","","","",NA,"","Y","D1",3,0,"X","QUINCY SENIOR RESIDENCES HOUSING",31458,84416,0,84416,0,0,0,0,0,0,2,1,6,94,94,158.33,200,158,132,"N",2,"Y",4,0,637200,3312000,3312000,2004,0,0,"","",2.68,3,0,3,3,3016250034,NA,291,1002528,190385,"17a","","305 021",30605,"",3016250034,"04/10/2007",1,NA,NA,"25v4","",40.6892207,-73.9340919,NA
"14","NYA20060180","ST LEONARD'S FAMILY HOUSING","52 wilson ave","BROOKLYN","NY",11237,"Kings County",85,84,"Not Indicated","BK",3164,26,304,3042500,30425001001,425,1000,32,34,11206,"E218",83,34,2200,3,4,"1A","R6","","","","","","","",NA,"","N","D9",3,0,"X","WILSON AVENUE LP",45000,97303,2000,95303,2000,0,0,0,0,0,2,1,6,85,87,200,225,170,114,"N",1,"N",3,2,445500,1627200,1627200,2004,2006,0,"","",2.16,2.43,0,4.8,3,3031640026,NA,425,1003927,195072,"13b","","309 010",31102,"",3031640026,"11/17/2006",1,NA,NA,"25v4","",40.7020824,-73.9290336,NA
"15","NYA20070120","MELROSE APTS","63 central ave","BROOKLYN","NY",11206,"Kings County",38,38,"Not Indicated","BK",3157,101,304,3042500,30425003005,425,3003,32,34,11206,"E218",83,34,2200,3,4,"1A","R6","","","","","","","",NA,"","N","D1",3,0,"X","MELROSE STREET HOUSING DEVELOPMENT FUND",20000,56547,0,56547,0,0,0,0,0,0,2,1,6,38,38,200,100,200,60,"N",0,"N",5,0,360000,1540350,1540350,2005,0,0,"","",2.83,2.43,0,4.8,3,3031570101,NA,425,1003455,194875,"13b","","309 009",31101,"",3031570101,"11/17/2006",1,NA,NA,"25v4","",40.7015427,-73.9307365,NA
"16","NYA20070135","MYRTLE AVE APTS","854 myrtle ave","BROOKLYN","NY",11206,"Kings County",33,33,"Not Indicated","BK",1755,20,303,3025901,30259011001,259.01,1001,14,36,11206,"L102",79,36,1800,3,3,"1A","R7D","","","","C2-4","","","",NA,"","N","D1",3,0,"X","854 MYRTLE AVENUE, L.P.",11850,42694,0,42694,0,0,0,0,0,0,2,1,6,33,33,118.5,100,118,52,"N",1,"N",5,0,133200,1165950,1165950,2006,0,0,"","",3.6,4.66,0,4.66,3,3017550020,NA,25901,998686,192591,"13b","","303 063",30609,"",NA,"",1,NA,NA,"25v4","",40.6952828,-73.9479409,NA
"17","NYA20080030","RUGGED CROSS APTS","12 patchen ave","BROOKLYN","NY",11221,"Kings County",50,50,"Not Indicated","BK",1612,39,303,3038700,30387004000,387,4000,16,36,11221,"E214",81,32,2100,3,3,"4B","R6B","","","","","","","",NA,"","N","D1",3,0,"X","RUGGED CROSS, L.P.",13400,49475,0,49475,0,0,0,0,0,0,2,1,6,50,50,100,134,100,83.89,"N",2,"N",5,0,241200,1040850,1040850,2007,0,0,"","",3.69,2,0,2,3,3016120039,NA,387,1004135,191507,"17a","","305 011",30604,"",3016120039,"07/11/2008",1,NA,NA,"25v4","",40.6922969,-73.928294,NA
"18","NYA20100080","RHEINGOLD HEIGHTS APTS","87 melrose st","BROOKLYN","NY",11206,"Kings County",58,58,"Not Indicated","BK",3151,7503,304,3039100,30391001003,391,1003,32,34,11206,"E218",83,34,1710,3,4,"1A","R7-2","","","","C2-4","","","",NA,"","N","RM",4,0,"","UNAVAILABLE OWNER",15185,65783,2159,63624,0,2159,0,0,0,0,2,1,7,59,60,134,104,96,124,"",0,"Y",0,5,314550,5213250,5120869,2008,0,0,"","",4.33,3.44,0,6.5,3,3031517503,3051,391,1002444,194014,"13b","","309 008",31101,"",3031510163,"07/07/2015",1,NA,NA,"25v4","",40.6991816,-73.934385,NA
"19","NYA20140035","KNICKERBOCKER COMMONS","803 knickerbocker ave","BROOKLYN","NY",11207,"Kings County",NA,NA,"Not Indicated","BK",3413,5,304,3043700,30437001000,437,1000,32,37,11237,"E271",83,34,3500,3,4,"3B","R6","","","","","","","",NA,"","N","D7",4,0,"X","KNICKERBOCKER COMMONS HOUSING DEVELOPMEN T FUND COR",10001,29705,4955,24750,0,0,0,0,0,4955,2,1,6,24,25,100.01,100,75,65,"",0,"N",3,5,204750,1910700,1910700,2013,0,0,"","",2.97,2.43,0,4.8,3,3034130005,NA,437,1009929,191719,"17c","","300 000",31108,"",3034130005,"01/06/2012",1,NA,NA,"25v4","",40.6928638,-73.9073998,NA
"20","NYA20152027","STANLEY COMMONS SENIOR HOUSING","890 schenck ave","BROOKLYN","NY",11207,"Kings County",81,80,"Not Indicated","BK",4375,70,305,3110600,31106001000,1106,1000,19,42,11207,"E225",75,33,6420,3,5,"4E","R5","","","","","","","",NA,"","N","D1",3,0,"X","STANLEY SENIOR HDFC, INC.",38640,84434,0,84434,0,0,0,0,0,0,2,1,7,80,80,210,184,163,74,"N",1,"N",3,0,539100,5427900,5427900,2016,2012,0,"","",2.19,1.5,0,2,3,3043750070,NA,1106,1016851,179198,"17d","","317 082",31403,"",3043760001,"08/24/2009",1,NA,NA,"25v4","",40.6584738,-73.8824992,NA
"21","NYA20172018","GENESIS HOMES REFINANCE 2015","330 hinsdale st","KINGS","NY",11207,"Kings County",150,150,"Not Indicated","BK",3783,7501,305,3113400,31134003002,1134,3002,19,42,11207,"E231",75,33,5900,3,5,"4C","R6","","","","C2-3","","","",NA,"","N","RM",4,0,"X","UNAVAILABLE OWNER",100000,161576,23448,138128,23448,0,0,0,0,0,2,1,4,150,151,500,200,200,500,"",1,"N",7,2,675002,12348453,12348453,1991,0,0,"","",1.62,2.43,0,4.8,3,3037837501,4314,1134,1012066,182044,"17d","","316 023",31207,"",3037830001,"05/04/2018",1,NA,NA,"25v4","",40.6663017,-73.8997336,NA
"22","NYA20181017","COMUNILIFE WOODHULL","179 throop ave","KINGS","NY",11206,"Kings County",89,89,"Not Indicated","BK",1723,2,303,3028501,30285011000,285.01,1001,14,36,11206,"E230",79,34,1720,3,3,"1B","R6","","","","","","","",NA,"","N","I9",8,0,"C","NYC HEALTH AND HOSPITALS CORPORATION",13225,47019,47019,0,0,0,0,0,0,47019,2,1,6,89,89,115,115,100.33,107,"N",1,"N",0,2,208350,3583350,3583350,2017,2016,0,"","",3.56,2.43,0,4.8,3,3017230002,NA,28501,999869,193772,"13b","","303 060",30608,"",3017230001,"04/06/2017",1,NA,NA,"25v4","t",40.6985223,-73.9436721,NA
"23","NYA20200001","OUR LADY OF LOURDES","1875 broadway","BROOKLYN","NY",11207,"Kings County",76,65,"Not Indicated","BK",3468,65,304,3040500,30405001002,405,1007,32,37,11207,"E233",83,34,3810,3,4,"3A","R6","","","","C2-3","","","",NA,"","N","D7",4,0,"X","OUR LADY OF LOURDES APARTMENTS LLC",7270,36809,4928,31881,0,0,0,0,0,4928,2,1,8,18,19,96,75.73,36.1,59.5,"",1,"N",3,0,261900,3232350,3232350,2017,0,0,"","",5.06,2.43,0,4.8,3,3034680065,NA,405,1010229,187329,"17c","","305 073",31109,"",3034680050,"11/19/2015",1,NA,NA,"25v4","",40.6808134,-73.9063349,NA
"24","NYB20000010","420 STOCKHOLM STREET","420 stockholm st","BROOKLYN","NY",11237,"Kings County",35,35,"Not Indicated","BK",3261,20,304,3044300,30443004000,443,4000,32,37,11237,"L124",83,34,3300,3,4,"2B","R6","","","","","","","",NA,"","N","C1",2,0,"X","420 STOCKHOLM STREETASSOCIATES LP",10500,28800,0,28800,0,0,0,0,0,0,2,1,4,35,35,105,100,105,90,"N",0,"N",3,0,236250,945450,945450,1931,2000,0,"","",2.74,2.43,0,4.8,3,3032610020,NA,443,1007479,196409,"13b","","309 056",31104,"",NA,"",1,NA,NA,"25v4","",40.7057436,-73.9162185,NA
"25","NYB20110810","GENESIS NEIGHBORHOOD PLAZA II (HELP USA)","350 snediker ave","BROOKLYN","NY",11207,"Kings County",98,97,"Not Indicated","BK",3782,140,305,3113400,31134003001,1134,3001,19,42,11207,"E231",75,33,5900,3,5,"4C","R6","","","","C2-3","","","",NA,"","N","D1",3,0,"X","DUMONT ASSOC LIMITED",23960,87081,11000,76081,0,0,11000,0,0,0,2,1,5,98,98,100,239,0,0,"",1,"N",3,2,269550,2032650,2032650,2010,0,0,"","",3.63,2.43,0,4.8,3,3037820140,NA,1134,1011837,182133,"17d","","316 022",31207,"",3037820019,"01/04/2001",1,NA,NA,"25v4","",40.6665467,-73.9005587,NA
"26","NYB20148090","WILLOUGHBY COURT APARTMENTS","721 willoughby ave","BROOKLYN","NY",11206,"Kings County",267,249,"Not Indicated","BK",1588,1,303,3028300,30283002000,283,2000,16,36,11206,"E217",81,36,1900,3,3,"1B","R7A","","","","C2-4","","","",NA,"","N","D6",4,0,"X","HP WILLOUGHBY HOUSING CORPORATION",130000,290715,5715,285000,0,5715,0,0,0,0,2,3,4,267,272,650,200,50,22.42,"N",0,"N",5,0,468000,17301600,17301600,1976,0,0,"","",2.24,4,0,4,3,3015880001,NA,283,1001115,192634,"13b","","303 066",30604,"E-779",NA,"",1,NA,NA,"25v4","",40.6953965,-73.9391814,NA
"27","NYB20200014","HOPE GARDENS","415 evergreen ave","BROOKLYN","NY",11221,"Kings County",949,945,"Not Indicated","BK",3332,1,304,3041700,30417003001,417,3001,32,37,11221,"E277",83,34,3400,3,4,"2A","R6","","","","","","","",NA,"","N","C1",2,0,"O","BUSHWICK GARDENS",24954,24760,0,24760,0,0,0,0,0,0,2,2,3,24,24,202.75,185.58,130,41,"N",0,"Y",3,0,280800,1041300,1041300,1985,0,0,"","",0.99,2.43,0,4.8,3,3033320001,NA,417,1006552,191599,"17a","","309 015",31106,"",NA,"",1,NA,NA,"25v4","",40.6925436,-73.9195779,NA
"28","NYB20221012","CASA PASIVA","75 linden st","BROOKLYN","NY",11221,"Kings County",146,143,"Not Indicated","BK",3322,26,304,3039900,30399003002,399,3002,32,37,11221,"E277",83,34,3400,3,4,"2A","R6","","","","","","","",NA,"","N","C6",2,0,"X","CASA PASIVA HOUSING DEVELOPMENT FUND COR PORATION",3641,11251,0,11251,0,0,0,0,0,0,2,1,4,12,12,32.37,112.5,32,87,"N",3,"N",5,1,49050,522000,522000,1910,1993,0,"","",3.09,2.43,0,4.8,3,3033220026,NA,399,1006183,191493,"17a","","305 041",31105,"",NA,"",1,NA,NA,"25v4","",40.6922536,-73.9209089,NA
"29","NYC19900012","ROUND I (NEXT WAVE)","20 maujer st","BROOKLYN","NY",11206,"Kings County",50,49,"Not Indicated","BK",2791,14,301,3051300,30513002002,513,2001,14,34,11206,"E216",90,30,700,3,1,"2A","R6B","","","","","","","",NA,"","N","C4",2,0,"X","BROOKLYN NEIGHBORHOOD HDFC, INC.",5000,17800,0,17800,0,0,0,0,0,0,2,1,4,16,16,50,100,50,89,"N",3,"N",5,2,180000,722700,722700,1920,0,0,"","",3.56,2,0,2,3,3027910014,NA,513,998110,197987,"13b","","303 037",30906,"",NA,"",1,NA,NA,"25v4","",40.7100944,-73.950007,NA
"30","NYC19910012","ROUND II (GROVELAND GARDENS)","299 jefferson st","BROOKLYN","NY",11237,"Kings County",44,43,"Not Indicated","BK",3166,50,304,3042700,30427003000,427,3000,32,34,11237,"L124",83,34,2200,3,4,"1B","R6","","","","","","","",NA,"","N","C1",2,0,"X","IRVING STOCKHOLM HOUSING DEVELOPMENT FUN D COMPANY,",2500,6500,0,6500,0,0,0,0,0,0,2,1,4,8,8,25,100,25,65,"N",0,"N",5,0,4950,488250,488250,1931,1992,0,"","",2.6,2.43,0,4.8,3,3031660050,NA,427,1004620,195915,"13b","","309 036",31102,"",NA,"",1,NA,NA,"25v4","",40.7043947,-73.9265317,NA
"31","NYC19910017","ROUND II (EASTERN LIGHT)","19 humboldt st","BROOKLYN","NY",11206,"Kings County",21,20,"Not Indicated","BK",3127,22,301,3049100,30491002003,491,2003,14,34,11206,"L108",90,30,1500,3,1,"5B","C4-3","","","","","","","",NA,"","N","C1",2,0,"","BROOKLYN NEIGHBORHOOD HDFC",2500,13650,0,13650,0,0,0,0,0,0,2,1,6,15,15,25,100,25,90,"N",0,"N",3,0,14400,594900,588951,1931,0,0,"","",5.46,2.43,3.4,4.8,3,3031270022,NA,491,1000654,194914,"13b","","303 046",31005,"",NA,"",1,NA,NA,"25v4","",40.7016554,-73.9408383,NA
"32","NYC19920009","ROUND III (RIVERDALE)","474 riverdale ave","BROOKLYN","NY",11207,"Kings County",68,66,"Not Indicated","BK",3834,20,305,3113200,31132002004,1132,1004,19,42,11207,"E231",75,33,6300,3,5,"4C","R6","","","","","","","",NA,"","N","C1",2,0,"X","HPENY HOUSING DEVELOPMENT FUND COMPANY,  INC.",4094,8610,0,8610,0,0,0,0,0,0,2,2,3,12,12,49.33,83,24.67,67,"N",0,"N",5,0,55350,444150,444150,1930,0,0,"","",2.1,2.43,0,4.8,3,3038340020,NA,1132,1012403,180584,"17d","","316 037",31208,"",3038340020,"02/26/1992",1,NA,NA,"25v4","",40.6622933,-73.8985249,NA
"33","NYC19920021","ROUND III (NE BROOKLYN )","399 kosciuszko st","BROOKLYN","NY",11221,"Kings County",40,39,"Not Indicated","BK",1601,55,303,3028100,30281002000,281,2000,16,36,11221,"E217",81,36,1900,3,3,"3B","R6A","","","","","","","",NA,"","N","C1",2,0,"X","27 BED STUY HOUSING DEVELOPMENT FUND COR PORATION",3500,12460,0,12460,0,0,0,0,0,0,2,1,4,12,12,35,100,35,89,"N",2,"N",5,2,55350,356850,356850,1931,1992,0,"","",3.56,3,0,3,3,3016010055,NA,281,1001248,191508,"17a","","305 008",30604,"",NA,"",1,NA,NA,"25v4","",40.6923056,-73.9387046,NA
"34","NYC19930016","ROUND IV (ANTHONY E CARTER)","325 new lots ave","BROOKLYN","NY",11207,"Kings County",51,50,"Not Indicated","BK",3838,68,305,3112800,31128003001,1128,3001,19,42,11207,"E290",75,33,6300,3,5,"4C","R6","","","","C1-3","","","",NA,"","N","C0",2,0,"X","HPENY HOUSING DEVELOPMENT FUND COMPANY,  INC.",1908,3680,0,3680,0,0,0,0,0,0,2,1,2,3,3,20,95.42,20,88,"E",3,"Y",5,5,19080,47160,47160,1930,0,0,"","",1.93,2.43,0,4.8,3,3038380068,NA,1128,1013420,180227,"17d","","316 038",31208,"",NA,"",1,NA,NA,"25v4","",40.6613101,-73.8948608,NA
"35","NYC19930019","ROUND IV (WILLOUGHBY-TOMPKINS)","162 vernon ave","BROOKLYN","NY",11206,"Kings County",55,54,"Not Indicated","BK",1760,16,303,3025901,30259011003,259.01,1003,14,36,11206,"L102",79,36,1800,3,3,"1B","R6B","","","","","","","",NA,"","N","C0",2,0,"X","27 BED STUY HOUSING DEVELOPMENT FUND COR PORATION",1875,3152,0,2364,0,0,0,0,0,0,2,1,3,3,3,18.75,100,18.75,42,"N",3,"N",5,1,15240,121080,121080,1901,1992,0,"","",1.68,2,0,2,3,3017600016,NA,25901,999392,192424,"13b","","303 064",30609,"",NA,"",1,NA,NA,"25v4","",40.6948232,-73.9453953,NA
"36","NYC19940024","ROUND VI (DAWSON ESTATES)","633 new jersey ave","BROOKLYN","NY",11207,"Kings County",23,22,"Not Indicated","BK",3824,5,305,3112600,31126002003,1126,2003,19,42,11207,"L103",75,33,6300,3,5,"4D","R6","","","","","","","",NA,"","N","C0",2,0,"X","HPENY HOUSING DEVELOPMENT FUND COMPANY,  INC.",2333,3358,0,3358,0,0,0,0,0,0,2,1,2,3,3,23.33,100,23.33,72,"N",3,"N",5,4,23700,62280,62280,1899,0,0,"","",1.44,2.43,0,4.8,3,3038240005,NA,1126,1014085,181114,"17d","","316 032",31207,"",NA,"",1,NA,NA,"25v4","",40.6637425,-73.89246,NA
"37","NYC19940028","ROUND VI (BROOKLYN)","905a gates ave","BROOKLYN","NY",11221,"Kings County",33,32,"Not Indicated","BK",1632,73,303,3038700,30387002001,387,2001,16,36,11221,"E214",81,32,2100,3,3,"4B","R6A","","","","","","","",NA,"","N","C3",2,0,"X","BNIA STUYVESANT HEIGHTS HOUSING DEVELOPM ENT FUND C",1875,5416,0,5416,0,0,0,0,0,0,2,1,4,4,4,20.83,90,20.83,65,"N",0,"N",5,5,26100,596700,596700,1931,1994,0,"","",2.89,3,0,3,3,3016320073,NA,387,1003765,190249,"17a","","305 023",30605,"",NA,"",1,NA,NA,"25v4","",40.6888448,-73.9296319,NA
"38","NYC19950070","ROUND VI (BEC NEW COMMUNITIES)","956 myrtle ave","BROOKLYN","NY",11206,"Kings County",31,30,"Not Indicated","BK",1757,9,303,3028300,30283001001,283,1001,16,36,11206,"L102",79,36,1900,3,3,"1B","R7D","","","","C2-4","","","",NA,"","N","C3",2,0,"","956 MYRTLE HOUSING DEVELOPMENT FUND CORP ORATION",2500,6000,0,6000,0,0,0,0,0,0,2,1,4,4,4,25,100,25,60,"N",0,"N",5,5,28800,661050,0,1931,1993,0,"","",2.4,4.66,0,4.66,3,3017570009,NA,283,999990,192788,"13b","","303 065",30609,"",NA,"",1,NA,NA,"25v4","",40.6958213,-73.943238,NA
"39","NYC19950115","ROUND VI (PACC)","848 greene ave","BROOKLYN","NY",11221,"Kings County",32,31,"Not Indicated","BK",1620,39,303,3029100,30291002001,291,2001,16,36,11221,"E214",81,32,2100,3,3,"4B","R6B","","","","","","","",NA,"","N","C0",2,0,"X","IMPACCT HOUSING DEVELOPMENT FUND CORPORA TION",2000,3360,0,2520,0,0,0,0,0,0,2,1,3,3,3,20,100,20,42,"N",3,"N",5,1,22440,75360,75360,1899,1993,0,"","",1.68,2,0,2,3,3016200039,NA,291,1002511,190713,"17a","","305 009",30605,"",NA,"",1,NA,NA,"25v4","",40.690121,-73.9341523,NA
"40","NYC19960055","ROUND VI (NE BROOKLYN HOUSING CORP BROADWAY)","340 hart st","BROOKLYN","NY",11206,"Kings County",43,42,"Not Indicated","BK",1594,39,303,3028100,30281001000,281,1000,16,36,11206,"E217",81,36,1900,3,3,"1B","R6B","","","","","","","",NA,"","N","B3",1,0,"X","27 BED STUY HOUSING DEVELOPMENT FUND COR PORATION",2000,2400,0,1600,0,0,0,0,0,0,2,1,2,2,2,20,100,20,40,"N",2,"N",5,1,19620,73440,73440,1899,1994,0,"","",1.2,2,0,2,3,3015940039,NA,281,1001515,192201,"13b","","303 066",30604,"",NA,"",1,NA,NA,"25v4","",40.6942072,-73.93774,NA
"41","NYC19970002","1120 MADISON ST","1120 madison st","BROOKLYN","NY",11221,"Kings County",16,16,"Not Indicated","BK",3368,28,304,3041500,30415002000,415,2000,32,37,11221,"L112",83,34,3400,3,4,"2A","R6","","","","C2-3","","","",NA,"","N","C1",2,0,"","1122 REALTY ASSOCIATES LLC",8000,13024,0,13024,0,0,0,0,0,0,2,2,4,16,16,80,100,53.33,70,"N",2,"N",5,0,54000,369900,0,1906,1997,0,"","",1.63,2.43,0,4.8,3,3033680028,NA,415,1007660,191459,"17a","","309 017",31107,"",3033680028,"02/14/2000",1,NA,NA,"25v4","",40.6921565,-73.9155829,NA
"42","NYC19970110","LAFAYETTE CLUSTER","312 van buren st","BROOKLYN","NY",11221,"Kings County",2,2,"Not Indicated","BK",1615,30,303,3029100,30291001002,291,1002,16,36,11221,"E214",81,32,2100,3,3,"4B","R6B","","","","","","","",NA,"","N","B3",1,0,"X","DARE TO DREAM HOUSING ASSOCIATION, INC.",1783,2247,0,1498,0,0,0,0,0,0,2,1,2,2,2,17.83,100,17.83,42,"N",3,"N",5,1,18480,72720,72720,1899,1995,0,"","",1.26,2,0,2,3,3016150030,NA,291,1002382,190966,"17a","","305 009",30604,"",NA,"",1,NA,NA,"25v4","",40.6908157,-73.9346168,NA
"43","NYC19970215","STAGG-MORGAN","18 stagg st","BROOKLYN","NY",11206,"Kings County",36,31,"Not Indicated","BK",3031,13,301,3051100,30511003002,511,3002,14,34,11206,"E216",90,30,1500,3,1,"2A","R6B","","","","","","","",NA,"","N","C1",2,0,"X","BROOKLYN NEIGHBORHOOD HOUSING DEV FUND C ORPORATION",2500,3750,0,3750,0,0,0,0,0,0,2,2,3,9,9,25,100,25,50,"N",0,"N",5,0,5400,804150,804150,1930,0,0,"","",1.5,2,0,2,3,3030310013,NA,511,998136,197466,"13b","","303 037",31004,"",NA,"",1,NA,NA,"25v4","",40.7086644,-73.9499143,NA
"44","NYC19980165","ELDERT DECATUR CLUST","1156 gates ave","BROOKLYN","NY",11221,"Kings County",6,5,"Not Indicated","BK",3340,3,304,3039900,30399003000,399,3000,32,37,11221,"E277",83,34,3400,3,4,"2A","R6","","","","","","","",NA,"","N","C2",2,0,"","BUSHWICK PROPERTIES MGNT LTD PTRSH",2600,5460,0,5460,0,0,0,0,0,0,2,1,3,6,6,26,100,26,70,"N",0,"N",5,5,5400,746100,201431,1931,1997,0,"","",2.1,2.43,0,4.8,3,3033400003,NA,399,1006451,191144,"17a","","305 041",31106,"",NA,"",1,NA,NA,"25v4","",40.691295,-73.9199436,NA
"45","NYC19980170","ELDERT/DECATUR CLUSTER","10 eldert st","BROOKLYN","NY",11207,"Kings County",8,8,"Not Indicated","BK",3414,12,304,3040100,30401002001,401,2001,32,37,11207,"Q252",83,34,3500,3,4,"3A","R6","","","","","","","",NA,"","N","C1",2,0,"","BUSHWICK PROPERTIES MGNT LTD PTRSH",3958,6830,0,6830,0,0,0,0,0,0,2,1,3,8,8,39.58,100,39.58,40,"N",2,"N",5,2,7200,583200,0,1909,1997,0,"","",1.73,2.43,0,4.8,3,3034140012,NA,401,1008110,189013,"17a","","305 044",31108,"",3034140012,"02/19/1997",1,NA,NA,"25v4","",40.6854416,-73.9139688,NA
"46","NYC19980175","ELDERT/DECATUR CLUSTER","1001 decatur st","BROOKLYN","NY",11207,"Kings County",6,6,"Not Indicated","BK",3426,42,304,3040100,30401001002,401,1002,32,37,11207,"Q252",83,34,3500,3,4,"3A","R6","","","","","","","",NA,"","N","C2",2,0,"","BUSHWICK PROPERTIES MGNT LTD PTRSH",2535,4972,0,4972,0,0,0,0,0,0,2,1,3,6,6,25.5,100,25.5,65,"N",0,"Y",5,5,5400,615600,0,1910,1997,0,"","",1.96,2.43,0,4.8,3,3034260042,NA,401,1008770,188855,"17c","","305 065",31108,"",NA,"",1,NA,NA,"25v4","",40.6850061,-73.9115897,NA
"47","NYC19980180","ELDERT/DECATUR CLUSTER","1002 decatur st","BROOKLYN","NY",11207,"Kings County",6,5,"Not Indicated","BK",3432,24,304,3040300,30403002000,403,2000,32,37,11207,"Q252",83,34,3500,3,4,"3A","R6","","","","","","","",NA,"","N","C2",2,0,"","BUSHWICK PROPERTIES MGNT LTD PTRSH",2500,4950,0,4950,0,0,0,0,0,0,2,1,3,6,6,25,100,25,66,"N",3,"N",5,5,4950,612900,0,1906,1997,0,"","",1.98,2.43,0,4.8,3,3034320024,NA,403,1008896,188762,"17c","","305 065",31109,"",NA,"",1,NA,NA,"25v4","",40.6847505,-73.9111357,NA
"48","NYC19980185","ELDERT/DECATUR CLUSTER","1006 decatur st","BROOKLYN","NY",11207,"Kings County",6,5,"Not Indicated","BK",3432,25,304,3040300,30403002000,403,2000,32,37,11207,"Q252",83,34,3500,3,4,"3A","R6","","","","","","","",NA,"","N","C2",2,0,"","BUSHWICK PROPERTIES MGNT LTD PTRSH",2500,4950,0,4950,0,0,0,0,0,0,2,1,3,6,6,25,100,25,66,"N",0,"N",5,5,5400,612900,0,1906,0,0,"","",1.98,2.43,0,4.8,3,3034320025,NA,403,1008911,188782,"17c","","305 065",31109,"",NA,"",1,NA,NA,"25v4","",40.6848054,-73.9110815,NA
"49","NYC19980190","ELDERT/DECATUR CLUSTER","22 eldert st","BROOKLYN","NY",11207,"Kings County",4,3,"Not Indicated","BK",3414,18,304,3040100,30401002001,401,2001,32,37,11207,"Q252",83,34,3500,3,4,"3A","R6","","","","","","","",NA,"","N","C3",2,0,"","BUSHWICK PROPERTIES MGNT LTD PTRSH",1967,3145,0,3145,0,0,0,0,0,0,2,1,3,4,4,19.67,100,19.67,40,"N",3,"N",5,5,75600,389250,0,1915,1998,0,"","",1.6,2.43,0,4.8,3,3034140018,NA,401,1008169,189093,"17a","","305 044",31108,"",NA,"",1,NA,NA,"25v4","",40.685661,-73.9137558,NA
"50","NYC19980195","ELDERT/DECATUR CLUSTER","31 granite st","BROOKLYN","NY",11207,"Kings County",6,6,"Not Indicated","BK",3456,43,304,3040300,30403001005,403,1005,32,37,11207,"Q252",83,34,3500,3,4,"3A","R6","","","","","","","",NA,"","N","C2",2,0,"","BUSHWICK PROPERTIES MGNT LTD PTRSH",2600,4914,0,4914,0,0,0,0,0,0,2,1,3,6,6,26,100,26,63,"N",0,"N",5,5,5400,556650,171430,1911,1997,0,"","",1.89,2.43,0,4.8,3,3034560043,NA,403,1009770,188022,"17c","","305 066",31109,"",NA,"",1,NA,NA,"25v4","",40.6827169,-73.9079872,NA
"51","NYC19980200","ELDERT/DECATUR CLUSTER","34 granite st","BROOKLYN","NY",11207,"Kings County",6,6,"Not Indicated","BK",3461,21,304,3040500,30405002000,405,2000,32,37,11207,"Q252",83,34,3810,3,4,"3A","R6","","","","","","","",NA,"","N","C2",2,0,"","BUSHWICK PROPERTIES MGNT LTD PTRSH",2500,4818,0,4818,0,0,0,0,0,0,2,1,3,6,6,25,100,25,69,"N",0,"N",5,5,5850,544500,0,1911,1997,0,"","",1.93,2.43,0,4.8,3,3034610021,NA,405,1009908,187944,"17c","","305 066",31109,"",NA,"",1,NA,NA,"25v4","",40.6825024,-73.9074899,NA
"52","NYC19980275","LAFAYETTE CLUSTER","895 lafayette ave","BROOKLYN","NY",11221,"Kings County",7,7,"Not Indicated","BK",1606,78,303,3028900,30289002001,289,2001,16,36,11221,"E214",81,36,1900,3,3,"4B","R6B","","","","","","","",NA,"","N","C7",4,0,"","DARE TO DREAM HOUSING ASSOCIATION, INC.",1920,5760,1440,4320,0,1440,0,0,0,0,2,1,4,7,8,24,80,24,60,"E",0,"N",3,2,6300,621900,553491,1931,0,0,"","",3,2,0,2,3,3016060078,NA,289,1001823,191315,"17a","","305 009",30604,"",NA,"",1,NA,NA,"25v4","",40.6917748,-73.9366316,NA
"53","NYC19980280","LAFAYETTE CLUSTER","952 lafayette ave","BROOKLYN","NY",11221,"Kings County",2,2,"Not Indicated","BK",1610,41,303,3029100,30291001001,291,1001,16,36,11221,"E214",81,32,2100,3,3,"4B","R6A","R6B","","","","","","",NA,"","Y","B3",1,0,"X","DARE TO DREAM HOUSING ASSOCIATION, INC.",1383,2001,0,1334,0,0,0,0,0,0,2,1,2,2,2,16.67,83,16.67,40,"N",3,"N",5,1,16800,68640,68640,1899,1996,0,"","",1.45,3,0,3,3,3016100041,NA,291,1002484,191265,"17a","","305 009",30604,"",NA,"",1,NA,NA,"25v4","",40.6916362,-73.9342482,NA
"54","NYC19980315","PUTNAM CLUSTER","186 malcolm x blvd","BROOKLYN","NY",11221,"Kings County",9,9,"Not Indicated","BK",1646,39,303,3029300,30293004000,293,4000,16,36,11221,"E214",81,32,2100,3,3,"4A","R6A","","","","C2-4","","","",NA,"","N","C1",2,0,"X","WFHA BROOKLYN RESTORATION L.P.",2800,7616,0,7616,0,0,0,0,0,0,2,1,4,9,9,28,100,28,68,"N",0,"N",5,0,144900,794700,794700,1931,2020,0,"","",2.72,3,0,3,3,3016460039,NA,293,1003622,189529,"17a","","305 022",30605,"",NA,"",1,NA,NA,"25v4","",40.6868689,-73.9301496,NA
"55","NYC19980320","PUTNAM CLUSTER","201 malcolm x blvd","BROOKLYN","NY",11221,"Kings County",6,6,"Not Indicated","BK",1652,6,303,3038500,30385004001,385,4001,16,36,11221,"L111",81,32,3000,3,3,"4A","R6A","","","","C2-4","","","",NA,"","N","C2",2,0,"X","WFHA BROOKLYN RESTORATION L.P.",2080,4680,0,4680,0,0,0,0,0,0,2,1,3,6,6,26,80,26,60,"N",0,"N",5,5,107550,579600,579600,1910,2019,0,"","",2.25,3,0,3,3,3016520006,NA,385,1003821,189262,"17a","","305 037",30606,"",NA,"",1,NA,NA,"25v4","",40.6861356,-73.9294328,NA
"56","NYC19980325","PUTNAM CLUSTER","205 malcolm x blvd","BROOKLYN","NY",11221,"Kings County",6,6,"Not Indicated","BK",1652,5,303,3038500,30385004001,385,4001,16,36,11221,"L111",81,32,3000,3,3,"4A","R6A","","","","C2-4","","","",NA,"","N","C2",2,0,"X","WFHA BROOKLYN RESTORATION L.P.",2080,4680,0,4680,0,0,0,0,0,0,2,1,3,6,6,26,80,26,60,"N",0,"N",5,5,107550,544050,544050,1910,1997,2016,"","",2.25,3,0,3,3,3016520005,NA,385,1003825,189236,"17a","","305 037",30606,"",NA,"",1,NA,NA,"25v4","",40.6860642,-73.9294184,NA
"57","NYC19980330","PUTNAM CLUSTER","668 madison st","BROOKLYN","NY",11221,"Kings County",8,6,"Not Indicated","BK",1646,20,303,3029300,30293004000,293,4000,16,36,11221,"E214",81,32,2100,3,3,"4B","R6B","","","","","","","",NA,"","N","C1",2,0,"X","WFHA BROOKLYN RESTORATION L.P.",3117,9388,0,9388,0,0,0,0,0,0,2,1,4,8,8,31.17,100,31.17,81.5,"N",0,"N",5,2,8100,1162350,1162350,1931,2019,0,"","",3.01,2,0,2,3,3016460020,NA,293,1003261,189462,"17a","","305 022",30605,"",NA,"",1,NA,NA,"25v4","",40.6866857,-73.9314514,NA
"58","NYC19980345","PUTNAM CLUSTER","828 putnam ave","BROOKLYN","NY",11221,"Kings County",4,3,"Not Indicated","BK",1652,19,303,3038500,30385004001,385,4001,16,36,11221,"L111",81,32,3000,3,3,"4A","R6B","","","","","","","",NA,"","N","C3",2,0,"X","WFHA BROOKLYN RESTORATION L.P.",1950,3354,0,3354,0,0,0,0,0,0,2,1,4,4,4,19.5,100,19.5,43,"N",0,"N",5,5,16200,427050,427050,1910,2019,0,"","",1.72,2,0,2,3,3016520019,NA,385,1004063,189311,"17a","","305 037",30606,"",NA,"",1,NA,NA,"25v4","",40.6862695,-73.9285601,NA
"59","NYC19980385","WILLIAMS ASSOC","486 williams ave","BROOKLYN","NY",11207,"Kings County",140,106,"Not Indicated","BK",3818,33,305,3113000,31130002002,1130,2002,19,42,11207,"E231",75,33,6300,3,5,"4C","R7A","R6","","","C2-4","","","",NA,"","Y","C1",2,0,"X","HPENY HOUSING DEVELOPMENT FUND COMPANY,  INC.",4400,12072,0,12072,0,0,0,0,0,0,2,1,4,13,13,44,100,44,88,"N",2,"N",5,0,79200,389700,389700,1930,0,0,"","",2.74,4,0,4,3,3038180033,NA,1130,1012562,181146,"17d","","316 030",31207,"",NA,"",1,NA,NA,"25v4","",40.6638353,-73.8979495,NA
"60","NYC19990045","CYPRESS COURT PHASE II","2829 fulton st","BROOKLYN","NY",11207,"Kings County",57,52,"Not Indicated","BK",3934,46,305,3114600,31146001004,1146,1004,19,37,11207,"L175",75,34,3820,3,5,"1D","R6B","","","","C2-4","","EC-6","",NA,"","N","C2",2,0,"X","CYPRESS COURT ASSOCIATES L.P.",2500,4500,0,4500,0,0,0,0,0,0,2,1,3,6,6,25,100,20,75,"N",2,"N",5,5,4950,270000,270000,1926,1993,0,"","",1.8,2,0,2,3,3039340046,NA,1146,1014666,186473,"17c","","308 002",31302,"",NA,"",1,NA,NA,"25v4","",40.6784498,-73.8903416,NA
"61","NYC19990160","KOSCIUSKO CLUSTER","1134 broadway","BROOKLYN","NY",11221,"Kings County",1,1,"Not Indicated","BK",1604,30,303,3028900,30289001001,289,1001,16,36,11221,"E217",81,36,1900,3,3,"4B","C4-4L","","","","","","EC-4","",NA,"","N","S1",4,0,"","1134 BROADWAY REALTY LLC",1630,2144,1072,1072,0,0,0,0,0,1072,2,1,2,1,2,19.5,73.5,19.5,55,"N",0,"Y",5,0,4140,54600,0,1916,1998,0,"","",1.32,4,4,4,3,3016040030,NA,289,1003832,191902,"13b","Y","305 011",30604,"",NA,"",1,NA,NA,"25v4","",40.6933817,-73.9293855,NA
"62","NYC19990170","KOSCIUSKO CLUSTER","812 lafayette ave","BROOKLYN","NY",11221,"Kings County",2,1,"Not Indicated","BK",1792,33,303,3027900,30279001001,279,1001,16,36,11221,"L102",79,32,2100,3,3,"3B","R6B","","","","","","","",NA,"","N","B3",1,0,"","JENEVA CAPITAL LLC",2000,2520,0,1680,0,0,0,0,0,0,2,1,2,2,2,20,100,20,42,"N",3,"N",5,1,17820,92220,0,1925,0,0,"","",1.26,2,0,2,3,3017920033,NA,279,1000782,190998,"17a","","305 007",30610,"",NA,"",1,NA,NA,"25v4","",40.6909067,-73.9403863,NA
"63","NYC19990175","KOSCIUSKO CLUSTER","911 dekalb ave","BROOKLYN","NY",11221,"Kings County",3,3,"Not Indicated","BK",1777,40,303,3028100,30281003002,281,3001,16,36,11221,"L102",79,36,1900,3,3,"3B","R6A","","","","C2-4","","","",NA,"","N","S3",4,0,"","ELDEKAH HOLDINGS LLC",1560,5070,1267,3803,0,1267,0,0,0,0,2,1,4,3,4,19.5,80,19.5,65,"N",0,"N",5,5,18450,491400,134436,1931,0,0,"","",3.25,3,0,3,3,3017770040,NA,281,1000821,191708,"17a","","303 065",30609,"",NA,"",1,NA,NA,"25v4","",40.6928554,-73.9402439,NA
"64","NYC19990177","KOSCIUSKO CLUSTER","518 kosciuszko st","BROOKLYN","NY",11221,"Kings County",14,13,"Not Indicated","BK",1607,15,303,3028900,30289002000,289,2000,16,36,11221,"E214",81,36,1900,3,3,"4B","R6B","","","","","","","",NA,"","N","C1",2,0,"","ELDEKAH HOLDINGS LLC",3500,9350,0,9350,0,0,0,0,0,0,2,1,4,8,8,35,100,35,67,"N",0,"N",5,2,12600,1009350,0,1931,1998,0,"","",2.67,2,0,2,3,3016070015,NA,289,1002786,191575,"17a","","305 010",30604,"",NA,"",1,NA,NA,"25v4","",40.6924864,-73.9331583,NA
"65","NYC19990180","LAFAYETTE CLUSTER","1003 lafayette ave","BROOKLYN","NY",11221,"Kings County",9,8,"Not Indicated","BK",1607,55,303,3028900,30289002000,289,2000,16,36,11221,"E214",81,36,1900,3,3,"4B","R6B","","","","","","","",NA,"","N","C1",2,0,"X","DARE TO DREAM HOUSING ASSOCIATION, INC.",2800,8400,0,8400,0,0,0,0,0,0,2,1,4,8,8,28,100,28,75,"N",0,"N",5,2,11250,756900,756900,1931,0,0,"","",3,2,0,2,3,3016070055,NA,289,1003126,191523,"17a","","305 010",30604,"",NA,"",1,NA,NA,"25v4","",40.692343,-73.9319324,NA
"66","NYC19990185","LAFAYETTE CLUSTER","1069 lafayette ave","BROOKLYN","NY",11221,"Kings County",16,7,"Not Indicated","BK",1608,51,303,3028900,30289001002,289,1002,16,36,11221,"E214",81,36,1900,3,3,"4B","R6B","","","","","","","",NA,"","N","C1",2,0,"","SELDON GROUP LLC",2500,6000,0,6000,0,0,0,0,0,0,2,1,4,8,8,25,100,25,60,"N",0,"N",5,2,8100,613350,0,1931,1996,0,"","",2.4,2,0,2,3,3016080051,NA,289,1003814,191627,"17a","","305 011",30604,"",NA,"",1,NA,NA,"25v4","",40.692627,-73.9294512,NA
"67","NYC19990200","LAFAYETTE CLUSTER","52 patchen ave","BROOKLYN","NY",11221,"Kings County",3,2,"Not Indicated","BK",1622,47,303,3038700,30387003000,387,3000,16,36,11221,"E214",81,32,2100,3,3,"5A","R6A","","","","","","","",NA,"","N","C0",2,0,"","THE GALBY GROUP LLC",1500,3300,0,3300,0,0,0,0,0,0,2,1,3,3,3,20,75,20,55,"N",3,"N",5,2,19680,93120,19017,1931,1998,0,"","",2.2,3,0,3,3,3016220047,NA,387,1004259,190879,"17a","","305 011",30605,"",NA,"",1,NA,NA,"25v4","",40.6905729,-73.9278487,NA
"68","NYC19990205","LAFAYETTE CLUSTER","751 greene ave","BROOKLYN","NY",11221,"Kings County",8,3,"Not Indicated","BK",1614,65,303,3027900,30279002000,279,2000,16,36,11221,"E214",81,32,2100,3,3,"3B","R6B","","","","","","","",NA,"","N","C1",2,0,"","SELDON GROUP LLC",5000,7800,0,7800,0,0,0,0,0,0,2,1,3,8,8,50,100,40,45,"G",0,"N",5,2,10350,969750,32496,1931,1998,0,"","",1.56,2,0,2,3,3016140065,NA,279,1001362,190710,"17a","","305 008",30604,"",NA,"",1,NA,NA,"25v4","",40.6901151,-73.9382955,NA
"69","NYC19990210","LAFAYETTE CLUSTER","794 greene ave","BROOKLYN","NY",11221,"Kings County",6,6,"Not Indicated","BK",1619,45,303,3027900,30279003000,279,3000,16,36,11221,"E214",81,32,2100,3,3,"3B","R6B","","","","","","","",NA,"","N","S9",4,0,"","SELDON GROUP LLC",2500,7000,2500,4500,0,2500,0,0,0,0,2,1,4,6,10,25,100,25,58,"N",0,"N",3,2,129600,857700,0,1931,2017,0,"","",2.8,2,0,2,3,3016190045,NA,279,1001835,190611,"17a","","305 008",30605,"",NA,"",1,NA,NA,"25v4","",40.6898424,-73.9365902,NA
"70","NYC19990215","LAFAYETTE CLUSTER","838 lafayette ave","BROOKLYN","NY",11221,"Kings County",6,4,"Not Indicated","BK",1609,13,303,3027900,30279001000,279,1000,16,36,11221,"E214",81,32,2100,3,3,"3B","R6B","","","","","","","",NA,"","N","C3",2,0,"X","DARE TO DREAM HOUSING ASSOCIATION, INC.",2000,1800,0,1800,0,0,0,0,0,0,2,1,2,4,4,20,100,20,45,"N",0,"N",5,5,7650,220950,220950,1931,0,0,"","",0.9,2,0,2,3,3016090013,NA,279,1001169,191054,"17a","","305 008",30604,"",NA,"",1,NA,NA,"25v4","",40.6910597,-73.9389906,NA
"71","NYC19990265","MADISON STREET CLUSTER","446 madison st","BROOKLYN","NY",11221,"Kings County",12,11,"Not Indicated","BK",1826,20,303,3027700,30277003001,277,3001,13,36,11221,"E235",79,32,2000,3,3,"3B","R6B","","","","","","","",NA,"","N","C2",2,0,"X","EDJ APARTMENTS HOUSING DEVELOPMENT",2600,5694,0,5694,0,0,0,0,0,0,2,1,3,6,6,26,100,26,73,"N",0,"N",5,5,6750,699300,699300,1931,1999,0,"","",2.19,2,0,2,3,3018260020,NA,277,1000800,189090,"17a","","305 019",30611,"",NA,"",1,NA,NA,"25v4","",40.6856696,-73.940326,NA
"72","NYC19990270","MADISON STREET CLUSTER","464 madison st","BROOKLYN","NY",11221,"Kings County",6,4,"Not Indicated","BK",1826,29,303,3027700,30277003001,277,3001,13,36,11221,"E235",79,32,2000,3,3,"3B","R6B","","","","","","","",NA,"","N","C2",2,0,"X","EDJ APARTMENTS HOUSING DEVELOPMENT",2550,5200,0,5200,0,0,0,0,0,0,2,1,3,6,6,25.5,100,25.5,69,"N",0,"N",5,5,6300,638100,638100,1900,1999,0,"","",2.04,2,0,2,3,3018260029,NA,277,1001034,189125,"17a","","305 019",30611,"",NA,"",1,NA,NA,"25v4","",40.6857653,-73.9394822,NA
"73","NYC19990275","MADISON STREET CLUSTER","493 putnam ave","BROOKLYN","NY",11221,"Kings County",4,3,"Not Indicated","BK",1825,42,303,3026700,30267001000,267,1000,13,36,11221,"E235",79,32,2800,3,3,"3A","R6B","","","","","","","",NA,"","N","C3",2,0,"X","EDJ APARTMENTS HOUSING DEVELOPMENT",1900,3900,0,3900,0,0,0,0,0,0,2,1,3,4,4,19,100,19,45,"E",0,"N",5,5,42750,479700,479700,1910,0,0,"","",2.05,2,0,2,3,3018250042,NA,267,1000438,188929,"17a","","305 018",30611,"",NA,"",1,NA,NA,"25v4","",40.6852284,-73.9416317,NA
"74","NYC20000085","ELDERT/DECATUR CLUSTER","1151 greene ave","BROOKLYN","NY",11221,"Kings County",6,5,"Not Indicated","BK",3285,82,304,3041900,30419003001,419,3001,32,37,11221,"E277",83,34,3400,3,4,"2A","R6","","","","","","","",NA,"","N","C2",2,0,"","BUSHWICK PROPERTIES MGNT LTD PTRSH",2600,5304,0,5304,0,0,0,0,0,0,2,1,3,6,6,26,100,26,68,"N",0,"N",5,5,5850,656550,155582,1931,0,0,"","",2.04,2.43,0,4.8,3,3032850082,NA,419,1005589,192428,"13b","","309 013",31104,"",NA,"",1,NA,NA,"25v4","",40.6948214,-73.9230479,NA
"75","NYC20000090","ELDERT/DECATUR CLUSTER","12 menahan st","BROOKLYN","NY",11221,"Kings County",6,5,"Not Indicated","BK",3313,2,304,3039500,30395001003,395,1003,32,37,11221,"E277",83,34,3200,3,4,"2A","R6","","","","","","","",NA,"","N","C2",2,0,"","BUSHWICK PROPERTIES MGNT LTD PTRSH",2188,5400,0,5400,0,0,0,0,0,0,2,1,3,6,6,25,87.5,25,72,"N",0,"N",5,5,5400,594450,0,1931,1998,0,"","",2.47,2.43,0,4.8,3,3033130002,NA,395,1005788,191573,"17a","","309 006",31105,"",NA,"",1,NA,NA,"25v4","",40.6924742,-73.922333,NA
"76","NYC20000095","ELDERT/DECATUR CLUSTER","146 grove st","BROOKLYN","NY",11221,"Kings County",6,5,"Not Indicated","BK",3323,32,304,3041700,30417004001,417,4001,32,37,11221,"E277",83,34,3400,3,4,"2A","R6","","","","","","","",NA,"","N","C2",2,0,"","BUSHWICK PROPERTIES MGNT LTD PTRSH",2500,4500,0,4500,0,0,0,0,0,0,2,1,3,6,6,25,100,25,60,"N",0,"N",5,5,4500,688950,134816,1931,1998,0,"","",1.8,2.43,0,4.8,3,3033230032,NA,417,1006583,192190,"13b","","309 015",31105,"",NA,"",1,NA,NA,"25v4","",40.6941657,-73.9194641,NA
"77","NYC20000100","ELDERT/DECATUR CLUSTER","1492 bushwick ave","BROOKLYN","NY",11207,"Kings County",10,9,"Not Indicated","BK",3461,32,304,3040500,30405002000,405,2000,32,37,11207,"Q252",83,34,3810,3,4,"3A","R6","","","","","","","",NA,"","N","C1",2,0,"","BUSHWICK PROPERTIES MGNT LTD PTRSH",3285,10950,0,10950,0,0,0,0,0,0,2,1,4,12,12,36.5,90,36.5,75,"N",3,"N",5,0,58950,338850,240750,1909,1998,0,"","",3.33,2.43,0,4.8,3,3034610032,NA,405,1010037,188061,"17c","","305 066",31109,"",NA,"",1,NA,NA,"25v4","",40.6828232,-73.9070244,NA
"78","NYC20000105","ELDERT/DECATUR CLUSTER","15 menahan st","BROOKLYN","NY",11221,"Kings County",8,8,"Not Indicated","BK",3304,22,304,3039500,30395001002,395,1002,32,37,11221,"E277",83,34,3200,3,4,"2A","R6","","","","","","","",NA,"","N","C1",2,0,"","BUSHWICK PROPERTIES MGNT LTD PTRSH",2500,6000,0,6000,0,0,0,0,0,0,2,1,4,7,7,25,100,25,60,"N",0,"N",5,0,5850,918450,0,1931,0,0,"","",2.4,2.43,0,4.8,3,3033040022,NA,395,1005703,191711,"17a","","309 006",31105,"",NA,"",1,NA,NA,"25v4","",40.6928531,-73.9226391,NA
"79","NYC20000110","ELDERT/DECATUR CLUSTER","205 wilson ave","BROOKLYN","NY",11237,"Kings County",6,6,"Not Indicated","BK",3257,3,304,3043100,30431004001,431,4001,32,37,11237,"E218",83,34,3300,3,4,"2A","R6","","","","","","","",NA,"","N","C2",2,0,"","BUSHWICK PROPERTIES MGNT LTD PTRSH",2500,4875,0,4875,0,0,0,0,0,0,2,1,3,6,6,25,100,25,65,"N",0,"N",5,5,5400,603450,0,1931,1998,0,"","",1.95,2.43,0,4.8,3,3032570003,NA,431,1005763,193991,"13b","","309 039",31104,"",NA,"",1,NA,NA,"25v4","",40.6991111,-73.9224154,NA
"80","NYC20000115","ELDERT/DECATUR CLUSTER","362 central ave","BROOKLYN","NY",11221,"Kings County",5,4,"Not Indicated","BK",3323,38,304,3041700,30417004001,417,4001,32,37,11221,"E277",83,34,3400,3,4,"2A","R6","","","","","","","",NA,"","N","S5",4,0,"","BUSHWICK PROPERTIES MGNT LTD PTRSH",2500,4875,813,4062,0,813,0,0,0,0,2,1,3,5,6,25,100,25,65,"N",0,"N",5,5,5400,554400,185127,1931,1998,0,"","",1.95,2.43,0,4.8,3,3033230038,NA,417,1006662,192274,"13b","","309 015",31105,"",NA,"",1,NA,NA,"25v4","",40.6943961,-73.919179,NA
"81","NYC20000120","ELDERT/DECATUR CLUSTER","436 evergreen ave","BROOKLYN","NY",11221,"Kings County",7,7,"Not Indicated","BK",3322,17,304,3039900,30399003002,399,3002,32,37,11221,"E277",83,34,3400,3,4,"2A","R6","","","","","","","",NA,"","N","C7",4,0,"","BUSHWICK PROPERTIES MGNT LTD PTRSH",2702,8747,2188,6559,0,2188,0,0,0,0,2,1,4,8,9,101,17.33,27.33,80,"N",0,"Y",3,0,8550,995400,269795,1931,1998,0,"","",3.24,2.43,0,4.8,3,3033220017,NA,399,1006139,191626,"17a","","305 041",31105,"",NA,"",1,NA,NA,"25v4","",40.6926188,-73.9210671,NA
"82","NYC20000125","ELDERT/DECATUR CLUSTER","464 central ave","BROOKLYN","NY",11221,"Kings County",6,5,"Not Indicated","BK",3368,38,304,3041500,30415002000,415,2000,32,37,11221,"L112",83,34,3400,3,4,"2A","R6","","","","C2-3","","","",NA,"","N","C2",2,0,"","BUSHWICK PROPERTIES MGNT LTD PTRSH",2496,4875,0,4875,0,0,0,0,0,0,2,1,3,6,6,25,99.83,25,65,"N",0,"N",5,5,4950,536850,156363,1904,1998,0,"","",1.95,2.43,0,4.8,3,3033680038,NA,415,1007765,191452,"17a","","309 017",31107,"",NA,"",1,NA,NA,"25v4","",40.692137,-73.9152043,NA
"83","NYC20000130","ELDERT/DECATUR CLUSTER","474 central ave","BROOKLYN","NY",11221,"Kings County",5,5,"Not Indicated","BK",3375,31,304,3041500,30415002001,415,2001,32,37,11221,"L112",83,34,3400,3,4,"3A","R6","","","","","","","",NA,"","N","S5",4,0,"","BUSHWICK PROPERTIESMANAGEMENT LIMITED PA RTNERSHIP",2500,4875,750,4125,0,750,0,0,0,0,2,1,3,5,6,25,100,25,65,"N",0,"N",3,5,5400,562950,175512,1913,1997,0,"","",1.95,2.43,0,4.8,3,3033750031,NA,415,1007873,191371,"17a","","309 018",31107,"",NA,"",1,NA,NA,"25v4","",40.6919144,-73.9148151,NA
"84","NYC20000135","ELDERT/DECATUR CLUSTER","87 himrod st","BROOKLYN","NY",11221,"Kings County",18,16,"Not Indicated","BK",3265,60,304,3042100,30421002002,421,2002,32,37,11221,"E277",83,34,3200,3,4,"2A","R6","","","","","","","",NA,"","N","C2",2,0,"","BUSHWICK PROPERTIES MGNT LTD PTRSH",1938,4125,0,4125,0,0,0,0,0,0,2,1,3,6,6,25,77.67,25,55,"N",0,"Y",5,5,4050,525600,181356,1931,1998,0,"","",2.13,2.43,0,4.8,3,3032650060,NA,421,1005305,192894,"13b","","309 013",31104,"",NA,"",1,NA,NA,"25v4","",40.6961012,-73.9240706,NA
"85","NYC20000180","KOSCIUSKO CLUSTER","1080 dekalb ave","BROOKLYN","NY",11221,"Kings County",3,1,"Not Indicated","BK",1603,37,303,3028900,30289003000,289,3000,16,36,11221,"E217",81,36,1900,3,3,"4B","R6A","","","","C2-4","","","",NA,"","N","C0",2,0,"","NU WORLD BUILDERS LLC",1560,1520,0,1520,0,0,0,0,0,0,2,1,3,3,3,19.5,80,19.5,40,"N",3,"N",5,2,19200,82740,0,1910,0,0,"","",0.97,3,0,3,3,3016030037,NA,289,1003271,191931,"13b","Y","305 010",30604,"",NA,"",1,NA,NA,"25v4","",40.6934626,-73.9314084,NA
"86","NYC20000185","KOSCIUSKO CLUSTER","1098 dekalb ave","BROOKLYN","NY",11221,"Kings County",4,2,"Not Indicated","BK",1604,13,303,3028900,30289001001,289,1001,16,36,11221,"E217",81,36,1900,3,3,"4B","R6A","","","","C2-4","","","",NA,"","N","C0",2,0,"","NU WORLD BUILDERS LLC",1900,3800,0,3800,0,0,0,0,0,0,2,1,4,3,3,19,100,19,50,"N",3,"N",5,2,23520,96180,0,1931,0,0,"","",2,3,0,3,3,3016040013,NA,289,1003538,191962,"13b","","305 011",30604,"",NA,"",1,NA,NA,"25v4","",40.6935471,-73.9304455,NA
"87","NYC20000190","KOSCIUSKO CLUSTER","295 kosciuszko st","BROOKLYN","NY",11221,"Kings County",2,1,"Not Indicated","BK",1781,51,303,3026100,30261002002,261,2001,16,36,11221,"L102",79,36,1800,3,3,"3B","R6B","","","","","","","",NA,"","N","B2",1,0,"","NU WORLD BUILDERS LLC",1667,2001,0,1334,0,0,0,0,0,0,2,1,2,2,2,16.67,100,16.67,40,"N",3,"N",5,1,12000,72480,0,1899,2000,0,"","",1.2,2,0,2,3,3017810051,NA,261,999980,191318,"17a","","305 006",30610,"",NA,"",1,NA,NA,"25v4","",40.6917865,-73.9432775,NA
"88","NYC20000195","KOSCIUSKO CLUSTER","533 kosciuszko st","BROOKLYN","NY",11221,"Kings County",3,3,"Not Indicated","BK",1603,78,303,3028900,30289003000,289,3000,16,36,11221,"E217",81,36,1900,3,3,"4B","R6B","","","","","","","",NA,"","N","C0",2,0,"","NU WORLD BUILDERS LLC",2500,3000,0,3000,0,0,0,0,0,0,2,1,3,3,3,25,100,25,40,"N",3,"N",5,2,20940,105180,0,1899,0,0,"","",1.2,2,0,2,3,3016030078,NA,289,1002692,191729,"17a","","305 010",30604,"",NA,"",1,NA,NA,"25v4","",40.6929093,-73.9334969,NA
"89","NYC20000200","KOSCIUSKO CLUSTER","556 kosciuszko st","BROOKLYN","NY",11221,"Kings County",8,6,"Not Indicated","BK",1607,36,303,3028900,30289002000,289,2000,16,36,11221,"E214",81,36,1900,3,3,"4B","R6B","","","","","","","",NA,"","N","C1",2,0,"","NU WORLD BUILDERS LLC",2550,6120,0,6120,0,0,0,0,0,0,2,1,4,16,16,25.5,100,25.5,60,"N",0,"N",5,2,40050,420300,0,1931,1992,0,"","",2.4,2,0,2,3,3016070036,NA,289,1003211,191640,"17a","","305 010",30604,"",NA,"",1,NA,NA,"25v4","",40.692664,-73.9316256,NA
"90","NYC20000205","KOSCIUSKO CLUSTER","601 kosciuszko st","BROOKLYN","NY",11221,"Kings County",16,11,"Not Indicated","BK",1604,45,303,3028900,30289001001,289,1001,16,36,11221,"E217",81,36,1900,3,3,"4B","R6B","","","","","","","",NA,"","N","C1",2,0,"","NU WORLD BUILDERS LLC",5000,13560,0,13560,0,0,0,0,0,0,2,1,4,16,16,50,100,50,89,"N",0,"N",5,2,90000,307800,0,1931,1996,0,"","",2.71,2,0,2,3,3016040045,NA,289,1003563,191861,"17a","Y","305 011",30604,"",NA,"",1,NA,NA,"25v4","",40.6932698,-73.9303556,NA
"91","NYC20000225","MADISON STREET CLUSTER","396 monroe st","BROOKLYN","NY",11221,"Kings County",4,3,"Not Indicated","BK",1820,31,303,3026500,30265004000,265,4000,13,36,11221,"E235",79,32,2000,3,3,"3B","R6B","","","","","","","",NA,"","N","C0",2,0,"","EICHNER, SARA",1925,3236,0,2427,0,0,0,0,0,0,2,1,3,3,3,19.25,100,19.25,42,"N",3,"N",5,1,15720,113580,1420,1915,0,0,"","",1.68,2,0,2,3,3018200031,NA,265,1000170,189266,"17a","","305 018",30611,"",NA,"",1,NA,NA,"25v4","",40.6861539,-73.9425972,NA
"92","NYC20000235","MADISON STREET CLUSTER","442 madison st","BROOKLYN","NY",11221,"Kings County",6,2,"Not Indicated","BK",1826,18,303,3027700,30277003001,277,3001,13,36,11221,"E235",79,32,2000,3,3,"3B","R6B","","","","","","","",NA,"","N","C2",2,0,"X","EDJ APARTMENTS HOUSING DEVELOPMENT",2600,5694,0,5694,0,0,0,0,0,0,2,1,3,6,6,26,100,26,73,"N",0,"N",5,5,6750,699300,699300,1931,1999,0,"","",2.19,2,0,2,3,3018260018,NA,277,1000749,189082,"17a","","305 019",30611,"",NA,"",1,NA,NA,"25v4","",40.6856478,-73.94051,NA
"93","NYC20000240","MADISON STREET CLUSTER","452 madison st","BROOKLYN","NY",11221,"Kings County",6,5,"Not Indicated","BK",1826,23,303,3027700,30277003001,277,3001,13,36,11221,"E235",79,32,2000,3,3,"3B","R6B","","","","","","","",NA,"","N","C2",2,0,"X","EDJ APARTMENTS HOUSING DEVELOPMENT",2700,5265,0,5265,0,0,0,0,0,0,2,1,3,6,6,27,100,27,65,"N",0,"N",5,5,6300,321300,321300,1900,1999,0,"","",1.95,2,0,2,3,3018260023,NA,277,1000878,189102,"17a","","305 019",30611,"",NA,"",1,NA,NA,"25v4","",40.6857024,-73.9400448,NA
"94","NYC20000255","PUTNAM CLUSTER","660 madison st","BROOKLYN","NY",11221,"Kings County",8,6,"Not Indicated","BK",1646,17,303,3029300,30293004000,293,4000,16,36,11221,"E214",81,32,2100,3,3,"4B","R6B","","","","","","","",NA,"","N","C1",2,0,"X","WFHA BROOKLYN RESTORATION L.P.",3117,9388,0,9388,0,0,0,0,0,0,2,1,4,8,8,31.17,100,31.17,81.5,"N",0,"N",5,2,8100,1162350,1162350,1931,2019,0,"","",3.01,2,0,2,3,3016460017,NA,293,1003169,189448,"17a","","305 022",30605,"",NA,"",1,NA,NA,"25v4","",40.6866475,-73.9317832,NA
"95","NYC20000260","PUTNAM CLUSTER","684 jefferson ave","BROOKLYN","NY",11221,"Kings County",12,12,"Not Indicated","BK",1656,35,303,3029500,30295001001,295,1001,16,36,11221,"L111",81,32,3000,3,3,"4A","R6B","","","","","","","",NA,"","N","C1",2,0,"X","WFHA BROOKLYN RESTORATION L.P.",2500,5700,0,5700,0,0,0,0,0,0,2,1,3,12,12,25,100,25,76,"",3,"N",5,0,129600,646650,646650,1910,2019,0,"","",2.28,2,0,2,3,3016560035,NA,295,1003617,188969,"17a","","305 036",30606,"",NA,"",1,NA,NA,"25v4","",40.6853318,-73.9301692,NA
"96","NYC20000265","PUTNAM CLUSTER","768 jefferson ave","BROOKLYN","NY",11221,"Kings County",8,6,"Not Indicated","BK",1658,10,303,3038300,30383001000,383,1000,16,41,11221,"E222",81,32,3000,3,3,"5A","R6B","","","","","","","",NA,"","N","C1",2,0,"X","WFHA BROOKLYN RESTORATION L.P.",3000,9960,0,9960,0,0,0,0,0,0,2,1,4,8,8,30,100,30,83,"N",0,"N",5,2,8100,805500,805500,1910,2019,0,"","",3.32,2,0,2,3,3016580010,NA,383,1004676,189132,"17a","","305 038",30606,"",NA,"",1,NA,NA,"25v4","",40.6857768,-73.9263503,NA
"97","NYC20000801","QUINCY GREENE ASSOCIATES LP","587 quincy st","BROOKLYN","NY",11221,"Kings County",44,44,"Not Indicated","BK",1625,80,303,3029100,30291003001,291,3001,16,36,11221,"E214",81,32,2100,3,3,"4B","R6B","","","","","","","",NA,"","N","C1",2,0,"X","QUINCY-GREENE ASSOCIATES L P",2500,4953,0,4953,0,0,0,0,0,0,2,1,3,7,7,25,100,25,70,"N",0,"N",5,2,33750,661050,661050,1931,1999,0,"","",1.98,2,0,2,3,3016250080,NA,291,1002083,190271,"17a","","305 021",30605,"",NA,"",1,NA,NA,"25v4","",40.6889087,-73.9356968,NA
"98","NYC20000806","THE WYONA LP","510 wyona st","BROOKLYN","NY",11207,"Kings County",40,40,"Not Indicated","BK",3808,36,305,3112600,31126001001,1126,1001,19,42,11207,"L103",75,33,6300,3,5,"4D","R6","","","","","","","",NA,"","N","C1",2,0,"","THE WYONA LLC",10500,18900,0,18900,0,0,0,0,0,0,2,1,4,20,20,105,100,105,45,"N",1,"N",0,0,71100,289800,0,1999,0,0,"","",1.8,2.43,0,4.8,3,3038080036,NA,1126,1014296,181903,"17d","","316 032",31207,"",3038080010,"09/19/2002",1,NA,NA,"25v4","",40.6659074,-73.8916959,NA
"99","NYC20010150","HOWARD AVENUE CLUSTER","92 ralph ave","BROOKLYN","NY",11221,"Kings County",6,3,"Not Indicated","BK",1653,48,303,3038500,30385004000,385,4000,16,41,11221,"E222",81,32,3000,3,3,"5A","R6A","","","","C2-4","","","",NA,"","N","C7",4,0,"","HOWARD AVENUE DEVELOPMENT L.P.",2800,6840,1710,5130,0,1710,0,0,0,0,2,1,4,8,10,28,100,28,55,"N",0,"N",5,2,7200,493650,199997,1910,0,0,"","",2.44,3,0,3,3,3016530048,NA,385,1005381,189527,"17a","","305 024",30606,"",NA,"",1,NA,NA,"25v4","",40.6868593,-73.9238071,NA
"100","NYC20010155","HOWARD AVE CLUST","981 jefferson ave","BROOKLYN","NY",11221,"Kings County",8,6,"Not Indicated","BK",1486,52,303,3037500,30375003000,375,3000,16,41,11221,"E222",81,34,3100,3,3,"5A","R6B","","","","","","","",NA,"","N","C1",2,0,"","HOWARD AVENUE DEVELOPMENT L.P.",2850,8736,0,8736,0,0,0,0,0,0,2,1,4,8,8,28.5,100,28.5,78,"N",0,"N",5,0,8100,787500,213703,1920,0,0,"","",3.07,2,0,2,3,3014860052,NA,375,1006591,189589,"17a","","305 026",30601,"",NA,"",1,NA,NA,"25v4","",40.6870265,-73.9194439,NA
"101","NYC20010195","PUTNAM CLUSTER","680 jefferson ave","BROOKLYN","NY",11221,"Kings County",35,26,"Not Indicated","BK",1656,30,303,3029500,30295001001,295,1001,16,36,11221,"L111",81,32,3000,3,3,"4A","R6B","","","","","","","",NA,"","N","C1",2,0,"X","WFHA BROOKLYN RESTORATION L.P.",10000,27792,0,27792,0,0,0,0,0,0,2,1,4,36,36,100,100,100,90,"N",0,"N",5,2,53550,1263600,1263600,1910,0,0,"","",2.78,2,0,2,3,3016560030,NA,295,1003530,188956,"17a","","305 036",30606,"",NA,"",1,NA,NA,"25v4","",40.6852963,-73.9304829,NA
"102","NYC20010225","SIXES","666 willoughby ave","BROOKLYN","NY",11206,"Kings County",60,50,"Not Indicated","BK",1769,11,303,3028300,30283003001,283,3001,16,36,11206,"L102",79,36,1900,3,3,"1B","R6B","","","","","","","",NA,"","N","D1",3,0,"X","IMPACCT HOUSING DEVELOPMENT FUND CORPORA TION",9000,35200,0,35200,0,0,0,0,0,0,2,1,6,48,48,90,100,90,86,"N",0,"N",5,2,44550,248850,248850,1931,1991,0,"","",3.91,2,0,2,3,3017690011,NA,283,1000180,192269,"13b","","303 065",30609,"",NA,"",1,NA,NA,"25v4","",40.6943964,-73.942554,NA
"103","NYC20020050","QUINCY STREET HDFC","474 quincy st","BROOKLYN","NY",11221,"Kings County",14,14,"Not Indicated","BK",1810,42,303,3026500,30265002000,265,2000,16,36,11221,"E235",79,32,2000,3,3,"3B","R6B","","","","","","","",NA,"","N","C1",2,0,"X","VETERANS QUINCY STREET PROJECT LP",1920,6720,0,6720,0,0,0,0,0,0,2,1,4,14,14,24,80,24,70,"N",0,"N",3,2,25200,435150,435150,1910,2000,0,"","",3.5,2,0,2,3,3018100042,NA,265,1000319,189845,"17a","","305 018",30610,"",NA,"",1,NA,NA,"25v4","",40.6877428,-73.9420586,NA
"104","NYC20020062","BUSHWICK CLUSTER","45 stockholm st","BROOKLYN","NY",11221,"Kings County",4,3,"Not Indicated","BK",3243,78,304,3042100,30421003003,421,3001,32,34,11221,"E217",83,34,3200,3,4,"2A","R6","","","","","","","",NA,"","N","C2",2,0,"","B&R CLUSTER HOUSING DEVELOPMENT FUND COR PORATION",2500,4125,0,4125,0,0,0,0,0,0,2,1,3,6,6,25,100,25,55,"N",0,"N",5,5,4050,378450,101903,1931,2001,0,"","",1.65,2.43,0,4.8,3,3032430078,NA,421,1004655,192917,"13b","","309 011",31103,"",NA,"",1,NA,NA,"25v4","",40.6961658,-73.9264146,NA
"105","NYC20020155","HOWARD AVENUE CLUSTER","1058 putnam ave","BROOKLYN","NY",11221,"Kings County",6,4,"Not Indicated","BK",1486,17,303,3037500,30375003000,375,3000,16,41,11221,"E222",81,34,3100,3,3,"5A","R6B","","","","","","","",NA,"","N","C2",2,0,"","HOWARD AVENUE DEVELOPMENT L.P.",2500,4875,0,4875,0,0,0,0,0,0,2,1,3,6,6,25,100,25,65,"N",0,"N",5,5,6750,724500,143155,1905,2000,0,"","",1.95,2,0,2,3,3014860017,NA,375,1006496,189681,"17a","","305 026",30601,"",NA,"",1,NA,NA,"25v4","",40.6872793,-73.9197862,NA
"106","NYC20020200","NEB APTS","100 pulaski st","BROOKLYN","NY",11206,"Kings County",49,26,"Not Indicated","BK",1775,21,303,3026100,30261004000,261,4000,13,36,11206,"L102",79,36,1800,3,3,"1A","R6B","","","","","","","",NA,"","N","C1",2,0,"X","NEB LP",5000,17600,0,17600,0,0,0,0,0,0,2,1,4,20,20,50,100,50,88,"N",0,"N",5,0,22500,403650,403650,1931,0,0,"","",3.52,2,0,2,3,3017750021,NA,261,998841,191523,"17a","","303 063",30609,"",NA,"",1,NA,NA,"25v4","",40.6923511,-73.9473843,NA
"107","NYC20030015","BUSHWICK CLUSTER","106 troutman st","BROOKLYN","NY",11206,"Kings County",12,6,"Not Indicated","BK",3184,15,304,3042300,30423002005,423,2003,32,34,11206,"E218",83,34,3200,3,4,"1A","R6","","","","","","","",NA,"","N","C2",2,0,"","B&R CLUSTER HOUSING DEVELOPMENT FUND COR PORATION",3618,4125,0,4125,0,0,0,0,0,0,2,1,3,6,6,25,144.75,25,60,"N",0,"Y",5,5,4050,535500,0,1931,0,0,"","",1.14,2.43,0,4.8,3,3031840015,NA,423,1003742,193997,"13b","","309 010",31102,"",NA,"",1,NA,NA,"25v4","",40.6991322,-73.9297039,NA
"108","NYC20030020","BUSHWICK CLUSTER","1203 myrtle ave","BROOKLYN","NY",11221,"Kings County",5,4,"Not Indicated","BK",3183,84,304,3039100,30391002004,391,2005,32,34,11221,"E218",83,34,1710,3,4,"1A","R6","","","","C2-3","","","",NA,"","N","S5",4,0,"","B&R CLUSTER HOUSING DEVELOPMENT FUND COR PORATION",1684,6160,1540,4620,0,1540,0,0,0,0,2,1,4,6,7,28,60.17,28,55,"N",0,"Y",5,0,7200,701100,0,1931,0,0,"","",3.66,2.43,0,4.8,3,3031830084,NA,391,1003108,193412,"13b","","309 002",31102,"",NA,"",1,NA,NA,"25v4","",40.6975279,-73.931992,NA
"109","NYC20030030","BUSHWICK CLUSTER","236 wilson ave","BROOKLYN","NY",11237,"Kings County",5,4,"Not Indicated","BK",3276,33,304,3042100,30421001000,421,1000,32,37,11237,"E277",83,34,3200,3,4,"2A","R6","","","","","","","",NA,"","N","S4",4,0,"","B&R CLUSTER HOUSING DEVELOPMENT FUND COR PORATION",1875,4200,1400,2800,0,1400,0,0,0,0,2,1,3,4,5,25,75,25,56,"N",0,"N",5,5,100800,499950,111749,1931,2001,0,"","",2.24,2.43,0,4.8,3,3032760033,NA,421,1006087,193555,"13b","","309 014",31104,"",NA,"",1,NA,NA,"25v4","",40.6979136,-73.9212484,NA
"110","NYC20030035","BUSHWICK CLUSTER","34 starr st","BROOKLYN","NY",11221,"Kings County",4,3,"Not Indicated","BK",3196,23,304,3042300,30423002001,423,2001,32,34,11221,"E218",83,34,3200,3,4,"1A","R6","","","","","","","",NA,"","N","C2",2,0,"","B&R CLUSTER HOUSING DEVELOPMENT FUND COR PORATION",2500,4125,0,4125,0,0,0,0,0,0,2,1,3,6,6,25,100,25,55,"N",0,"N",5,5,4050,542250,110558,1931,2001,0,"","",1.65,2.43,0,4.8,3,3031960023,NA,423,1004452,194555,"13b","","309 012",31102,"",NA,"",1,NA,NA,"25v4","",40.7006622,-73.9271417,NA
"111","NYC20030040","BUSHWICK CLUSTER","762 hart st","BROOKLYN","NY",11237,"Kings County",5,2,"Not Indicated","BK",3235,13,304,3042900,30429003001,429,3001,32,37,11237,"E218",83,34,3200,3,4,"1B","R6","","","","","","","",NA,"","N","C2",2,0,"","B&R CLUSTER HOUSING DEVELOPMENT FUND COR PORATION",2500,4710,0,4710,0,0,0,0,0,0,2,1,3,5,5,25,100,25,58,"N",0,"N",5,5,124200,583200,56876,1931,2001,0,"","",1.88,2.43,0,4.8,3,3032350013,NA,429,1005357,194466,"13b","","309 038",31103,"",NA,"",1,NA,NA,"25v4","",40.7004158,-73.9238781,NA
"112","NYC20030155","NORTH BROOKLYN ESTATES","110 meserole st","BROOKLYN","NY",11206,"Kings County",16,13,"Not Indicated","BK",3051,14,301,3050500,30505002002,505,2002,14,34,11206,"L108",90,30,1500,3,1,"5B","R6","","","","C2-3","","","",NA,"","N","C1",2,0,"X","120 GERRY STREET HOUSING DEVELOPMENT FUN D CORP.",2500,5000,0,5000,0,0,0,0,0,0,2,1,4,7,7,25,100,25,50,"N",0,"N",5,0,7200,929250,929250,1920,2001,0,"","",2,2.43,0,4.8,3,3030510014,NA,505,999364,197095,"13b","","303 038",31004,"",NA,"",1,NA,NA,"25v4","",40.7076441,-73.9454858,NA
"113","NYC20040155","NORTH BROOKLYN ESTATES","18 morgan ave","BROOKLYN","NY",11237,"Kings County",3,3,"Not Indicated","BK",3012,4,301,3045300,30453002012,453,2009,32,34,11237,"E237",90,30,900,3,1,"5B","M1-1","","","","","","","",NA,"","N","C2",2,0,"X","120 GERRY STREET HOUSING DEVELOPMENT FUN D CORP.",2500,4125,0,4125,0,0,0,0,0,0,2,1,3,6,6,25,100,25,55,"N",0,"N",5,5,4950,511200,511200,1931,0,0,"","",1.65,0,1,2.4,3,3030120004,NA,453,1003364,195921,"13b","","309 035",31003,"",NA,"",1,NA,NA,"25v4","",40.704414,-73.9310617,NA
"114","NYC20040160","NORTH BROOKLYN ESTATES","27 ingraham st","BROOKLYN","NY",11206,"Kings County",4,2,"Not Indicated","BK",3075,29,301,3045300,30453002001,453,2001,32,34,11206,"E237",90,30,900,3,1,"5B","M1-2","","","","","","","",NA,"","N","C2",2,0,"X","120 GERRY STREET HOUSING DEVELOPMENT FUN D CORP.",2500,4125,0,4125,0,0,0,0,0,0,2,1,3,6,6,25,100,25,55,"N",0,"N",5,5,6300,578700,578700,1920,0,0,"","",1.65,0,2,4.8,3,3030750029,NA,453,1002898,196923,"13b","","309 031",31004,"",NA,"",1,NA,NA,"25v4","",40.7071652,-73.9327396,NA
"115","NYC20040235","SHEFFIELD AVENUE CLUSTER","516 hegeman ave","BROOKLYN","NY",11207,"Kings County",6,5,"Not Indicated","BK",4322,1,305,3110400,31104002002,1104,2002,19,42,11207,"E290",75,33,6420,3,5,"4C","R6","","","","","","","",NA,"","N","S4",4,0,"","SHEFFIELD CLUSTER DE",2470,5175,1725,3450,0,1725,0,0,0,0,2,1,3,4,5,26,95,25,69,"N",0,"N",3,5,20250,287550,0,1930,0,0,"","",2.1,2.43,0,4.8,3,3043220001,NA,1104,1014163,179546,"17d","","317 015",31401,"",NA,"",1,NA,NA,"25v4","",40.6594384,-73.8921858,NA
"116","NYC20040240","SHEFFIELD AVENUE CLUSTER","638 vermont st","BROOKLYN","NY",11207,"Kings County",6,4,"Not Indicated","BK",3824,50,305,3112600,31126002003,1126,2003,19,42,11207,"L103",75,33,6300,3,5,"4D","R6","","","","","","","",NA,"","N","C2",2,0,"","SHEFFIELD CLUSTER DE",2500,5625,0,5625,0,0,0,0,0,0,2,1,3,6,6,25,100,25,75,"N",0,"N",5,5,6300,351000,0,1930,0,0,"","",2.25,2.43,0,4.8,3,3038240050,NA,1126,1014193,181084,"17d","","316 032",31207,"",NA,"",1,NA,NA,"25v4","",40.6636598,-73.8920708,NA
"117","NYC20040250","SHEFFIELD AVENUE CLUSTER","686 sheffield ave","BROOKLYN","NY",11207,"Kings County",3,3,"Not Indicated","BK",4297,28,305,3112800,31128003002,1128,3002,19,42,11207,"E290",75,33,6300,3,5,"4C","R6","","","","","","","",NA,"","N","C3",2,0,"","SHEFFIELD CLUSTER DE",2600,3076,0,3076,0,0,0,0,0,0,2,1,2,4,4,26,100,20.5,76,"N",0,"N",5,5,11700,233100,0,1923,0,0,"","",1.18,2.43,0,4.8,3,3042970028,NA,1128,1013865,179826,"17d","","317 012",31401,"",NA,"",1,NA,NA,"25v4","",40.660208,-73.8932586,NA
"118","NYC20040255","SHEFFIELD AVENUE CLUSTER","748 miller ave","BROOKLYN","NY",11207,"Kings County",5,4,"Not Indicated","BK",4303,30,305,3112200,31122002002,1122,2003,19,42,11207,"L103",75,33,6420,3,5,"4D","R6","","","","","","","",NA,"","N","C2",2,0,"","SHEFFIELD CLUSTER DE",2900,4685,0,4685,0,0,0,0,0,0,2,1,3,6,6,29,100,20.5,80,"G",0,"N",5,5,6750,280800,124761,1930,2003,0,"","",1.62,2.43,0,4.8,3,3043030030,NA,1122,1015253,180541,"17d","","317 011",31401,"",NA,"",1,NA,NA,"25v4","",40.6621657,-73.8882526,NA
"119","NYC20050025","HOWARD AVENUE CLUSTER","50 howard ave","BROOKLYN","NY",11221,"Kings County",8,6,"Not Indicated","BK",1485,42,303,3037500,30375003001,375,3001,16,41,11221,"E222",81,34,3100,3,3,"5A","R6B","","","","","","","",NA,"","N","C1",2,0,"","HOWARD AVENUE DEVELOPMENT L.P.",2808,7668,0,7668,0,0,0,0,0,0,2,1,4,8,8,28.08,100,28,65,"N",0,"N",5,2,8100,949500,94018,1905,1994,2005,"","",2.73,2,0,2,3,3014850042,NA,375,1006130,189558,"17a","","305 025",30601,"",NA,"",1,NA,NA,"25v4","",40.6869426,-73.9211063,NA
"120","NYC20050035","HOWARD AVENUE CLUSTER","872 madison st","BROOKLYN","NY",11221,"Kings County",8,6,"Not Indicated","BK",1483,16,303,3037500,30375002006,375,2006,16,41,11221,"E222",81,34,3100,3,3,"5A","R6B","","","","","","","",NA,"","N","C1",2,0,"","HOWARD AVENUE DEVELOPMENT L.P.",3000,8220,0,8220,0,0,0,0,0,0,2,1,4,8,8,30,100,30,60,"N",0,"N",5,2,19350,1012500,206845,1930,1992,2005,"","",2.74,2,0,2,3,3014830016,NA,375,1005668,189827,"17a","","305 025",30601,"",NA,"",1,NA,NA,"25v4","",40.6876821,-73.9227713,NA
"121","NYC20050100","SHEFFIELD AVENUE CLUSTER","543 sheffield ave","BROOKLYN","NY",11207,"Kings County",6,4,"Not Indicated","BK",3822,6,305,3112600,31126003003,1126,3003,19,42,11207,"E290",75,33,6300,3,5,"4C","R6","","","","","","","",NA,"","N","C2",2,0,"","SHEFFIELD CLUSTER DEVELOPMENT, L.P.",2304,10186,5093,5093,0,0,0,0,0,5093,2,1,3,6,6,24.25,95,24.25,70,"N",0,"N",5,5,11700,559350,116486,1930,0,0,"","",4.42,2.43,0,4.8,3,3038220006,NA,1126,1013526,181056,"17d","","316 031",31207,"",NA,"",1,NA,NA,"25v4","",40.6635852,-73.8944751,NA
"122","NYC20050102","SHEFFIELD AVENUE CLUSTER","628 schenck ave","BROOKLYN","NY",11207,"Kings County",8,5,"Not Indicated","BK",4089,24,305,3112400,31124002004,1124,2004,19,42,11207,"E225",75,33,6420,3,5,"4E","R5","","","","C2-2","","","",NA,"","N","C1",2,0,"","SHEFFIELD CLUSTER DEVELOPMENT, L.P.",2700,8856,0,8856,0,0,0,0,0,0,2,1,4,8,8,27,100,27,82,"N",0,"N",5,0,16200,531450,168357,1916,2004,0,"","",3.28,1.5,0,2,3,3040890024,NA,1124,1015660,181600,"17d","","308 007",31304,"",NA,"",1,NA,NA,"25v4","",40.665071,-73.8867806,NA
"123","NYC20050103","SHEFFIELD AVENUE CLUSTER","633 vermont st","BROOKLYN","NY",11207,"Kings County",5,4,"Not Indicated","BK",3825,5,305,3112600,31126001002,1126,1002,19,42,11207,"L103",75,33,6300,3,5,"4D","R6","","","","","","","",NA,"","N","C1",2,0,"","SHEFFIELD CLUSTER DEVELOPMENT, L.P.",3150,8222,0,8222,0,0,0,0,0,0,2,1,3,8,8,31.5,100,31.5,87,"N",0,"N",5,0,8100,570150,170143,1924,2004,0,"","",2.61,2.43,0,4.8,3,3038250005,NA,1126,1014337,181160,"17d","","316 032",31207,"",NA,"",1,NA,NA,"25v4","",40.6638679,-73.8915514,NA
"124","NYC20050104","SHEFFIELD AVENUE CLUSTER","640 bradford st","BROOKLYN","NY",11207,"Kings County",9,6,"Not Indicated","BK",4302,13,305,3112800,31128001003,1128,1003,19,42,11207,"L103",75,33,6300,3,5,"4D","R6","","","","C1-3","","","",NA,"","N","C1",2,0,"","SHEFFIELD CLUSTER DEVELOPMENT, L.P.",4000,9600,0,9600,0,0,0,0,0,0,2,1,3,9,9,40,100,40,80,"N",0,"N",5,0,10800,575550,210740,1926,2004,0,"","",2.4,2.43,0,4.8,3,3043020013,NA,1128,1014827,180765,"17d","","317 011",31401,"",NA,"",1,NA,NA,"25v4","",40.662782,-73.889787,NA
"125","NYC20050105","SHEFFIELD AVENUE CLUSTER","739 sheffield ave","BROOKLYN","NY",11207,"Kings County",3,3,"Not Indicated","BK",4322,52,305,3110400,31104002002,1104,2002,19,42,11207,"E290",75,33,6420,3,5,"4C","R6","","","","","","","",NA,"","N","C3",2,0,"","SHEFFIELD CLUSTER DEVELOPMENT, L.P.",2533,3075,0,3075,0,0,0,0,0,0,2,1,2,4,4,26.67,95,20.5,75,"N",0,"N",5,5,12150,184500,78891,1930,2004,0,"","",1.21,2.43,0,4.8,3,3043220052,NA,1104,1014275,179417,"17d","","317 015",31401,"",NA,"",1,NA,NA,"25v4","",40.659084,-73.8917827,NA
"126","NYC20050106","SHEFFIELD AVENUE CLUSTER","677 sheffield ave","BROOKLYN","NY",11207,"Kings County",3,3,"Not Indicated","BK",4298,64,305,3112800,31128003003,1128,3003,19,42,11207,"E290",75,33,6300,3,5,"4C","R6","","","","","","","",NA,"","N","C2",2,0,"","SHEFFIELD CLUSTER DEVELOPMENT, L.P.",2533,2875,0,2875,0,0,0,0,0,0,2,1,2,6,6,26.67,95,20,76,"N",0,"N",5,5,4050,226800,75459,1922,2003,0,"","",1.14,2.43,0,4.8,3,3042980064,NA,1128,1013963,179968,"17d","","317 012",31401,"",NA,"",1,NA,NA,"25v4","",40.6605974,-73.8929048,NA
"127","NYC20050110","SHEFFIELD AVENUE CLUSTER","744 miller ave","BROOKLYN","NY",11207,"Kings County",5,5,"Not Indicated","BK",4303,29,305,3112200,31122002002,1122,2003,19,42,11207,"L103",75,33,6420,3,5,"4D","R6","","","","","","","",NA,"","N","C2",2,0,"","SHEFFIELD CLUSTER DEVELOPMENT, L.P.",2900,4685,0,4685,0,0,0,0,0,0,2,1,3,6,6,29,100,20.5,80,"G",0,"N",5,5,6750,280800,124761,1930,2004,0,"","",1.62,2.43,0,4.8,3,3043030029,NA,1122,1015238,180566,"17d","","317 011",31401,"",NA,"",1,NA,NA,"25v4","",40.6622344,-73.8883065,NA
"128","NYC20050125","BAINBRIDGE CLUSTER","516 jefferson ave","BROOKLYN","NY",11221,"Kings County",8,5,"Not Indicated","BK",1654,14,303,3027500,30275002000,275,2000,16,36,11221,"L111",81,32,2000,3,3,"3A","R6B","","","","","","","",NA,"","N","C3",2,0,"","BAINBRIDGE CLUSTER ASSOCIATES, L.P.",2925,9360,0,9360,0,0,0,0,0,0,2,1,4,4,4,29.25,100,29.25,80,"N",0,"N",5,5,68400,963000,175515,1910,2005,0,"","",3.2,2,0,2,3,3016540014,NA,275,1001627,188668,"17a","","305 034",30606,"",NA,"",1,NA,NA,"25v4","",40.6845097,-73.9373452,NA
"129","NYC20050146","CYPRESS CORNERS","2832 fulton st","BROOKLYN","NY",11207,"Kings County",2,2,"Not Indicated","BK",3948,20,305,3119800,31198003001,1198,3001,19,37,11207,"L175",75,34,3820,3,5,"1D","R6B","","","","C2-4","","EC-6","",NA,"","N","S2",4,0,"","CYPRESS CORNERS L.P.",1330,2280,760,1520,0,0,0,0,0,760,2,1,3,2,3,19,70,19,40,"N",3,"N",5,2,10260,44520,28938,1901,2004,0,"","",1.71,2,0,2,3,3039480020,NA,1198,1014746,186341,"17c","","308 003",31302,"",NA,"",1,NA,NA,"25v4","",40.6780872,-73.8900537,NA
"130","NYC20050167","RALPH GATES CLUSTER","121 ralph ave","BROOKLYN","NY",11221,"Kings County",3,2,"Not Indicated","BK",1487,4,303,3037500,30375001002,375,1002,16,41,11221,"E222",81,34,3100,3,3,"5A","R6A","","","","C2-4","","","",NA,"","N","S3",4,0,"","RALPH-GATES CLUSTER, L.P.",1440,4320,1080,3240,0,1080,0,0,0,0,2,1,4,3,4,20,72,20,54,"N",0,"N",5,5,102150,491400,412776,1905,2004,0,"","",3,3,0,3,3,3014870004,NA,375,1005586,189187,"17a","","305 025",30601,"",NA,"",1,NA,NA,"25v4","",40.6859256,-73.923069,NA
"131","NYC20050168","RALPH GATES CLUSTER","241 van buren st","BROOKLYN","NY",11221,"Kings County",3,2,"Not Indicated","BK",1609,46,303,3027900,30279001000,279,1000,16,36,11221,"E214",81,32,2100,3,3,"4B","R6B","","","","","","","",NA,"","N","S9",4,0,"","RALPH-GATES CLUSTER, L.P.",2200,4640,1467,3173,0,1467,0,0,0,0,2,1,3,4,6,22,100,22,60,"E",0,"N",3,5,5400,450900,369738,1931,2004,0,"","",2.11,2,0,2,3,3016090046,NA,279,1001773,191044,"17a","","305 008",30604,"",NA,"",1,NA,NA,"25v4","",40.691031,-73.9368126,NA
"132","NYC20050169","RALPH GATES CLUSTER","540 gates ave","BROOKLYN","NY",11221,"Kings County",8,7,"Not Indicated","BK",1815,14,303,3026500,30265003000,265,3000,13,36,11221,"E235",79,32,2000,3,3,"3B","R6A","","","","","","","",NA,"","N","C1",2,0,"X","RALPH-GATES CLUSTER, L.P.",2229,7320,0,7320,0,0,0,0,0,0,2,1,4,8,8,27.5,105,27.5,63,"N",0,"Y",5,2,9900,804600,804600,1931,2006,0,"","",3.28,3,0,3,3,3018150014,NA,265,999796,189479,"17a","","305 018",30610,"",NA,"",1,NA,NA,"25v4","",40.6867392,-73.9439452,NA
"133","NYC20050170","RALPH GATES CLUSTER","819 gates ave","BROOKLYN","NY",11221,"Kings County",4,2,"Not Indicated","BK",1630,53,303,3029300,30293001001,293,1001,16,36,11221,"E214",81,32,2100,3,3,"4B","R6A","","","","","","","",NA,"","N","C3",2,0,"X","RALPH-GATES CLUSTER, L.P.",1950,4680,0,4680,0,0,0,0,0,0,2,1,4,4,4,19.5,100,19.5,60,"N",0,"N",5,5,22500,515250,515250,1931,2005,0,"","",2.4,3,0,3,3,3016300053,NA,293,1002609,190077,"17a","","305 021",30605,"",NA,"",1,NA,NA,"25v4","",40.6883751,-73.9338007,NA
"134","NYC20060044","SHEFFIELD AVENUE CLUSTER","655 miller ave","BROOKLYN","NY",11207,"Kings County",5,5,"Not Indicated","BK",4087,10,305,3112400,31124003003,1124,3003,19,42,11207,"L103",75,33,6420,3,5,"4D","R6","","","","","","","",NA,"","N","C2",2,0,"","SHEFFIELD CLUSTER DEVELOPMENT, L.P.",2660,4920,0,4920,0,0,0,0,0,0,2,1,3,5,5,28,95,20.5,80,"G",0,"N",5,5,59850,341100,68818,1925,2004,0,"","",1.85,2.43,0,4.8,3,3040870010,NA,1124,1015083,181394,"17d","","316 033",31304,"",NA,"",1,NA,NA,"25v4","",40.6645076,-73.8888614,NA
"135","NYC20060045","SHEFFIELD AVENUE CLUSTER","568 vermont st","BROOKLYN","NY",11207,"Kings County",6,4,"Not Indicated","BK",3807,42,305,3112600,31126002000,1126,2000,19,42,11207,"L103",75,33,6300,3,5,"4D","R6","","","","C2-3","","","",NA,"","N","C2",2,0,"","SHEFFIELD CLUSTER DEVELOPMENT, L.P.",2500,5250,0,5250,0,0,0,0,0,0,2,1,3,6,6,25,100,25,70,"N",0,"N",5,5,8100,364050,72032,1930,2005,0,"","",2.1,2.43,0,4.8,3,3038070042,NA,1126,1014069,181717,"17d","","316 032",31207,"",NA,"",1,NA,NA,"25v4","",40.6653977,-73.892515,NA
"136","NYC20060062","GRACE TOWERS APARTMENTS","2060 pitkin ave","BROOKLYN","NY",11207,"Kings County",168,161,"Not Indicated","BK",3737,1,305,3114400,31144004003,1144,4003,19,37,11207,"E290",75,33,5700,3,5,"1C","R6","","","","","","","",NA,"","N","D3",3,0,"X","2060 PITKIN HOUSING DEVELOPMENT FUND COR PORATION",80000,165466,0,165466,0,0,0,0,0,0,2,2,6,168,168,200,400,53.33,251,"N",1,"N",7,0,1620000,11367000,11367000,1972,0,0,"","",2.07,2.43,0,4.8,3,3037370001,NA,1144,1013039,183817,"17c","Y","316 017",31206,"",NA,"",1,NA,NA,"25v4","",40.6711651,-73.8962187,NA
"137","NYC20070070","DEKALB SENIOR RESIDENCE APTS","1251 dekalb ave","BROOKLYN","NY",11221,"Kings County",28,27,"Not Indicated","BK",3232,74,304,3042300,30423001004,423,1004,32,34,11221,"E217",83,34,3200,3,4,"1A","R6","","","","","","","",NA,"","N","D1",3,0,"","D & F DEKALB, LLC",6500,21240,0,21240,0,0,0,0,0,0,2,1,6,28,28,45,82.33,44.5,68,"N",3,"Y",5,2,117000,719550,704015,2005,0,0,"","",3.27,2.43,0,4.8,3,3032320074,NA,423,1004450,193106,"13b","","309 011",31103,"",NA,"",1,NA,NA,"25v4","",40.696685,-73.9271533,NA
"138","NYC20070345","WATKINS AVENUE CLUSTER","431 jefferson ave","BROOKLYN","NY",11221,"Kings County",6,5,"Not Indicated","BK",1831,77,303,3027500,30275001001,275,1001,13,36,11221,"E235",79,32,2000,3,3,"3A","R6B","","","","","","","",NA,"","N","C2",2,0,"X","SNA CB 2018 HOUSING DEVELOPMENT FUND COM PANY INC",2500,5250,0,5250,0,0,0,0,0,0,2,1,3,6,6,25,100,25,70,"N",0,"N",5,5,6300,546300,546300,1900,2006,0,"","",2.1,2,0,2,3,3018310077,NA,275,1000679,188694,"17a","","305 033",30611,"",NA,"",1,NA,NA,"25v4","",40.6845829,-73.9407633,NA
"139","NYC20080065","COOPER & DECATUR CLUSTER","236 moffat st","BROOKLYN","NY",11207,"Kings County",12,9,"Not Indicated","BK",3448,5,304,3040900,30409001004,409,1003,32,37,11207,"Q252",83,34,3500,3,4,"3B","M1-1","","","","","","","",NA,"","N","C1",2,0,"","COOPER & DECATUR LIMITED PARTNERSHIP",7500,16625,0,16625,0,0,0,0,0,0,2,1,3,12,12,75,100,75,65,"N",2,"N",3,0,118350,634500,447146,1911,2006,0,"","",2.22,0,1,2.4,3,3034480005,NA,409,1010689,190299,"17c","","309 022",31109,"",3034480005,"12/20/2007",1,NA,NA,"25v4","",40.688964,-73.9046648,NA
"140","NYC20080070","COOPER & DECATUR CLUSTER","1281 decatur st","BROOKLYN","NY",11207,"Kings County",4,3,"Not Indicated","BK",3430,42,304,3040900,30409002000,409,2000,32,37,11207,"Q252",83,34,3500,3,4,"3B","R6","","","","","","","",NA,"","N","C2",2,0,"","COOPER & DECATUR LIMITED PARTNERSHIP",2500,4725,0,4725,0,0,0,0,0,0,2,1,3,6,6,25,100,25,63,"N",0,"N",5,5,60750,486000,158125,1910,1993,2008,"","",1.89,2.43,0,4.8,3,3034300042,NA,409,1010327,190945,"17c","","309 046",31108,"",NA,"",1,NA,NA,"25v4","",40.6907382,-73.9059676,NA
"141","NYC20080075","COOPER & DECATUR CLUSTER","485 central ave","BROOKLYN","NY",11221,"Kings County",6,5,"Not Indicated","BK",3390,7,304,3041500,30415001002,415,1002,32,37,11221,"L112",83,34,3400,3,4,"3A","R6","","","","","","","",NA,"","N","S5",4,0,"","COOPER & DECATUR LIMITED PARTNERSHIP",2500,5250,1750,3500,0,1750,0,0,0,0,2,1,3,6,7,25,100,25,70,"N",0,"N",5,0,60750,590400,119123,1915,2006,0,"","",2.1,2.43,0,4.8,3,3033900007,NA,415,1008411,191177,"17a","","309 018",31107,"",NA,"",1,NA,NA,"25v4","",40.6913805,-73.9128758,NA
"142","NYC20080080","COOPER & DECATUR CLUSTER","618 wilson ave","BROOKLYN","NY",11207,"Kings County",6,5,"Not Indicated","BK",3435,32,304,3041100,30411001000,411,1000,32,37,11207,"Q252",83,34,3500,3,4,"3B","R6","","","","","","","",NA,"","N","C2",2,0,"","COOPER & DECATUR LIMITED PARTNERSHIP",2500,5250,0,5250,0,0,0,0,0,0,2,1,3,6,6,25,100,25,70,"N",0,"N",5,5,60750,540000,115976,1912,2008,0,"","",2.1,2.43,0,4.8,3,3034350032,NA,411,1010232,190448,"17c","","309 021",31109,"",NA,"",1,NA,NA,"25v4","",40.6893744,-73.9063121,NA
"143","NYC20080085","COOPER & DECATUR CLUSTER","164 cooper st","BROOKLYN","NY",11207,"Kings County",4,2,"Not Indicated","BK",3441,11,304,3041100,30411001001,411,1001,32,37,11207,"Q252",83,34,3500,3,4,"3B","R6","","","","","","","",NA,"","N","C2",2,0,"","COOPER & DECATUR LIMITED PARTNERSHIP",2500,4875,0,4875,0,0,0,0,0,0,2,1,3,6,6,25,100,25,65,"N",0,"N",5,5,60750,501750,107745,1906,2008,0,"","",1.95,2.43,0,4.8,3,3034410011,NA,411,1010141,189997,"17c","","309 021",31109,"",NA,"",1,NA,NA,"25v4","",40.6881367,-73.9066419,NA
"144","NYC20080090","COOPER & DECATUR CLUSTER","1275 decatur st","BROOKLYN","NY",11207,"Kings County",4,3,"Not Indicated","BK",3430,44,304,3040900,30409002000,409,2000,32,37,11207,"Q252",83,34,3500,3,4,"3B","R6","","","","","","","",NA,"","N","C2",2,0,"","COOPER & DECATUR LIMITED PARTNERSHIP",2500,4725,0,4725,0,0,0,0,0,0,2,1,3,6,6,25,100,25,63,"N",0,"N",5,5,60750,486000,116263,1910,2008,0,"","",1.89,2.43,0,4.8,3,3034300044,NA,409,1010297,190905,"17c","","309 046",31108,"",NA,"",1,NA,NA,"25v4","",40.6906285,-73.9060759,NA
"145","NYC20080095","COOPER & DECATUR CLUSTER","167 cooper st","BROOKLYN","NY",11207,"Kings County",6,4,"Not Indicated","BK",3435,51,304,3041100,30411001000,411,1000,32,37,11207,"Q252",83,34,3500,3,4,"3B","R6","","","","","","","",NA,"","N","C2",2,0,"","COOPER & DECATUR LIMITED PARTNERSHIP",2500,5025,0,5025,0,0,0,0,0,0,2,1,3,6,6,25,100,25,67,"N",0,"N",5,5,60750,517050,114461,1906,2008,0,"","",2.01,2.43,0,4.8,3,3034350051,NA,411,1010059,190152,"17c","","309 021",31109,"",NA,"",1,NA,NA,"25v4","",40.6885624,-73.906937,NA
"146","NYC20080824","SUTTER AVENUE ASSOCIATES LLC","626 sutter ave","BROOKLYN","NY",11207,"Kings County",103,102,"Not Indicated","BK",3771,7501,305,3115600,31156004003,1156,4003,19,42,11207,"E290",75,33,6100,3,5,"4C","C4-3","R6","","","","","","",NA,"","Y","RM",4,0,"","GRANVILLE PAYNE CONDOMINIUM",36873,111007,30000,81007,30000,0,0,0,0,0,2,1,7,103,104,230,195,142.42,187.42,"",0,"Y",0,5,994500,6556050,3852945,2007,0,0,"","",3.01,2.43,3.4,4.8,3,3037717501,2155,1156,1013187,183003,"17d","","316 024",31206,"",3037710006,"10/15/2008",1,NA,NA,"25v4","",40.6689304,-73.8956887,NA
"147","NYC20090030","COOPER STREET CLUSTER","26 schaefer st","BROOKLYN","NY",11207,"Kings County",4,3,"Not Indicated","BK",3426,19,304,3040100,30401001002,401,1002,32,37,11207,"Q252",83,34,3500,3,4,"3A","R6","","","","","","","",NA,"","N","C2",2,0,"","COOPER & DECATUR LIMITED PARTNERSHIP",2500,4125,0,4125,0,0,0,0,0,0,2,1,3,6,6,25,100,25,55,"N",0,"N",5,5,60750,510750,98969,1910,2008,0,"","",1.65,2.43,0,4.8,3,3034260019,NA,401,1008628,188836,"17c","Y","305 065",31108,"",NA,"",1,NA,NA,"25v4","",40.6849544,-73.9121017,NA
"148","NYC20090035","COOPER STREET CLUSTER","158 bleecker st","BROOKLYN","NY",11221,"Kings County",6,4,"Not Indicated","BK",3306,21,304,3041900,30419001000,419,1000,32,37,11221,"E277",83,34,3400,3,4,"2A","R6","","","","","","","",NA,"","N","C2",2,0,"","COOPER & DECATUR LIMITED PARTNERSHIP",2500,4875,0,4875,0,0,0,0,0,0,2,1,3,6,6,25,100,25,65,"N",0,"N",5,5,60750,603450,114743,1931,0,0,"","",1.95,2.43,0,4.8,3,3033060021,NA,419,1006521,192979,"13b","","309 016",31105,"",NA,"",1,NA,NA,"25v4","",40.6963315,-73.9196851,NA
"149","NYC20090040","COOPER STREET CLUSTER","163 cooper st","BROOKLYN","NY",11207,"Kings County",6,5,"Not Indicated","BK",3435,53,304,3041100,30411001000,411,1000,32,37,11207,"Q252",83,34,3500,3,4,"3B","R6","","","","","","","",NA,"","N","C2",2,0,"","COOPER & DECATUR LIMITED PARTNERSHIP",2500,5025,0,5025,0,0,0,0,0,0,2,1,3,6,6,25,100,25,67,"N",0,"N",5,5,60750,517050,111147,1906,2008,0,"","",2.01,2.43,0,4.8,3,3034350053,NA,411,1010029,190112,"17c","","309 021",31109,"",NA,"",1,NA,NA,"25v4","",40.6884527,-73.9070454,NA
"150","NYC20090045","COOPER STREET CLUSTER","239 jefferson st","BROOKLYN","NY",11237,"Kings County",4,3,"Not Indicated","BK",3165,46,304,3042700,30427003001,427,3001,32,34,11237,"E218",83,34,2200,3,4,"1B","R6","","","","","","","",NA,"","N","C3",2,0,"","COOPER & DECATUR LIMITED PARTNERSHIP",2500,4125,0,4125,0,0,0,0,0,0,2,1,3,4,4,25,100,25,55,"N",0,"N",5,5,60750,510750,69786,1931,2009,0,"","",1.65,2.43,0,4.8,3,3031650046,NA,427,1004219,195377,"13b","","309 036",31102,"",NA,"",1,NA,NA,"25v4","",40.7029189,-73.9279796,NA
"151","NYC20090050","COOPER STREET CLUSTER","619 central ave","BROOKLYN","NY",11207,"Kings County",6,5,"Not Indicated","BK",3429,2,304,3041100,30411003000,411,3000,32,37,11207,"Q252",83,34,3500,3,4,"3A","R6","","","","","","","",NA,"","N","C2",2,0,"","COOPER & DECATUR LIMITED PARTNERSHIP",2500,4875,0,4875,0,0,0,0,0,0,2,1,3,6,6,25,100,25,65,"N",0,"N",5,5,60750,501750,156562,1910,1992,2008,"","",1.95,2.43,0,4.8,3,3034290002,NA,411,1009763,190168,"17c","","309 020",31108,"",NA,"",1,NA,NA,"25v4","",40.6886072,-73.9080043,NA
"152","NYC20090055","COOPER STREET CLUSTER","665 evergreen ave","BROOKLYN","NY",11207,"Kings County",5,4,"Not Indicated","BK",3428,7,304,3041100,30411003001,411,3001,32,37,11207,"Q252",83,34,3500,3,4,"3A","R6","","","","","","","",NA,"","N","C1",2,0,"","COOPER & DECATUR LIMITED PARTNERSHIP",2250,6300,0,6300,0,0,0,0,0,0,2,1,4,8,8,25,90,25,63,"N",0,"N",5,2,56250,779850,174927,1911,2008,0,"","",2.8,2.43,0,4.8,3,3034280007,NA,411,1009279,189688,"17c","","309 020",31108,"",NA,"",1,NA,NA,"25v4","",40.6872911,-73.9097513,NA
"153","NYC20090060","COOPER STREET CLUSTER","667 central ave","BROOKLYN","NY",11207,"Kings County",4,3,"Not Indicated","BK",3447,6,304,3041100,30411001002,411,1002,32,37,11207,"Q252",83,34,3500,3,4,"3A","M1-1","","","","","","","",NA,"","N","C2",2,0,"","COOPER & DECATUR LIMITED PARTNERSHIP",2500,4725,0,4725,0,0,0,0,0,0,2,1,3,6,6,25,100,25,63,"N",0,"N",5,5,60750,486000,114123,1906,2008,0,"","",1.89,0,1,2.4,3,3034470006,NA,411,1010328,189747,"17c","","309 021",31109,"",NA,"",1,NA,NA,"25v4","",40.68745,-73.9059686,NA
"154","NYC20090065","COOPER STREET CLUSTER","683 evergreen ave","BROOKLYN","NY",11207,"Kings County",4,2,"Not Indicated","BK",3434,2,304,3041100,30411002000,411,2000,32,37,11207,"Q252",83,34,3500,3,4,"3A","R6","","","","","","","",NA,"","N","C2",2,0,"","COOPER & DECATUR LIMITED PARTNERSHIP",2500,4875,0,4875,0,0,0,0,0,0,2,1,3,6,6,25,100,25,65,"N",0,"N",5,5,60750,501750,109846,1906,2008,0,"","",1.95,2.43,0,4.8,3,3034340002,NA,411,1009491,189536,"17c","","309 021",31109,"",NA,"",1,NA,NA,"25v4","",40.6868733,-73.9089874,NA
"155","NYC20090142","KNICKERBOCKER AVENUE CLUSTER","302 harman st","BROOKLYN","NY",11237,"Kings County",5,5,"Not Indicated","BK",3289,14,304,3043100,30431001000,431,1000,32,37,11237,"E271",83,34,3300,3,4,"2B","R6","","","","","","","",NA,"","N","C2",2,0,"","JC REAL ESTATE DEVELOPMENT L.P.",2425,4130,0,4130,0,0,0,0,0,0,2,1,3,6,6,25,97,25,55,"N",0,"N",5,5,60750,526050,91115,1931,2006,0,"","",1.7,2.43,0,4.8,3,3032890014,NA,431,1006847,194285,"13b","","309 040",31104,"",NA,"",1,NA,NA,"25v4","",40.6999153,-73.9185051,NA
"156","NYC20090143","KNICKERBOCKER AVENUE CLUSTER","588 wilson ave","BROOKLYN","NY",11207,"Kings County",5,3,"Not Indicated","BK",3423,43,304,3041300,30413001001,413,1001,32,37,11207,"Q252",83,34,3500,3,4,"3B","R6","","","","C1-3","","","",NA,"","N","C2",2,0,"","JC REAL ESTATE DEVELOPMENT L.P.",1960,4410,0,4410,0,0,0,0,0,0,2,1,3,6,6,24.5,80,24.5,60,"N",0,"N",5,5,49500,486000,105586,1910,2008,0,"","",2.25,2.43,0,4.8,3,3034230043,NA,413,1009842,190751,"17c","","309 020",31108,"",NA,"",1,NA,NA,"25v4","",40.6902072,-73.9077172,NA
"157","NYC20090144","KNICKERBOCKER AVENUE CLUSTER","565 wilson ave","BROOKLYN","NY",11207,"Kings County",4,3,"Not Indicated","BK",3412,2,304,3043700,30437002002,437,2002,32,37,11207,"L112",83,34,3500,3,4,"3B","R6","","","","C1-3","","","",NA,"","N","S4",4,0,"","JC REAL ESTATE DEVELOPMENT L.P.",2500,4725,1575,3150,0,1575,0,0,0,0,2,1,3,4,5,25,100,25,63,"N",3,"N",5,5,60750,524250,115746,1905,0,0,"","",1.89,2.43,0,4.8,3,3034120002,NA,437,1009538,191173,"17c","","309 045",31108,"",NA,"",1,NA,NA,"25v4","",40.6913663,-73.9088118,NA
"158","NYC20090145","KNICKERBOCKER AVENUE CLUSTER","49 wilson ave","BROOKLYN","NY",11237,"Kings County",5,4,"Not Indicated","BK",3165,8,304,3042700,30427003001,427,3001,32,34,11237,"E218",83,34,2200,3,4,"1B","R6","","","","","","","",NA,"","N","S4",4,0,"","JC REAL ESTATE DEVELOPMENT L.P.",2500,4125,1375,2750,0,1375,0,0,0,0,2,2,3,4,5,25,100,25,55,"G",0,"N",3,5,60750,457650,55250,1931,2009,0,"","",1.65,2.43,0,4.8,3,3031650008,NA,427,1003996,195310,"13b","","309 036",31102,"",NA,"",1,NA,NA,"25v4","",40.7027355,-73.9287841,NA
"159","NYC20090146","KNICKERBOCKER AVENUE CLUSTER","1241 halsey st","BROOKLYN","NY",11237,"Kings County",4,3,"Not Indicated","BK",3406,52,304,3043700,30437004001,437,4001,32,37,11237,"E271",83,34,3500,3,4,"3B","R6","","","","","","","",NA,"","N","S9",4,0,"","JC REAL ESTATE DEVELOPMENT L.P.",2642,6868,1717,5151,0,1717,0,0,0,0,2,1,4,6,8,26.42,100,26.42,65,"N",3,"N",5,2,65250,585450,140658,1906,2007,0,"","",2.6,2.43,0,4.8,3,3034060052,NA,437,1009916,192136,"13d","","309 044",31108,"",NA,"",1,NA,NA,"25v4","",40.6940085,-73.9074451,NA
"160","NYC20090147","KNICKERBOCKER AVENUE CLUSTER","202 wilson ave","BROOKLYN","NY",11237,"Kings County",5,3,"Not Indicated","BK",3256,26,304,3042100,30421004001,421,4000,32,37,11237,"E218",83,34,3200,3,4,"2A","R6","","","","C2-3","","","",NA,"","N","C2",2,0,"","JC REAL ESTATE DEVELOPMENT L.P.",2500,4275,0,4275,0,0,0,0,0,0,2,1,3,6,6,25,100,25,57,"N",0,"N",5,5,60750,544950,98160,1931,2009,0,"","",1.71,2.43,0,4.8,3,3032560026,NA,421,1005622,193885,"13b","","309 014",31104,"",NA,"",1,NA,NA,"25v4","",40.6988205,-73.9229243,NA
"161","NYC20090148","KNICKERBOCKER AVENUE CLUSTER","11 troutman st","BROOKLYN","NY",11206,"Kings County",3,3,"Not Indicated","BK",3170,141,304,3038900,30389003002,389,3002,32,34,11206,"E218",83,34,1710,3,4,"1A","R6","","","","C2-3","","","",NA,"","N","C3",2,0,"","JC REAL ESTATE DEVELOPMENT L.P.",1575,3192,0,3192,0,0,0,0,0,0,2,1,3,4,4,15.75,100,15.75,55,"N",0,"N",5,5,40500,509850,73183,1931,2009,0,"","",2.03,2.43,0,4.8,3,3031700141,NA,389,1002566,193406,"13b","","309 001",31102,"",NA,"",1,NA,NA,"25v4","",40.6975126,-73.9339467,NA
"162","NYC20090175","KNICKERBOCKER AVENUE CLUSTER","572 wilson ave","BROOKLYN","NY",11207,"Kings County",5,4,"Not Indicated","BK",3417,32,304,3041300,30413001000,413,1000,32,37,11207,"Q252",83,34,3500,3,4,"3B","R6","","","","C1-3","","","",NA,"","N","S4",4,0,"","JC REAL ESTATE DEVELOPMENT L.P.",1875,4875,1625,3250,0,1625,0,0,0,0,2,1,3,4,5,25,75,25,65,"E",0,"N",5,5,47250,475650,103237,1912,2008,0,"","",2.6,2.43,0,4.8,3,3034170032,NA,413,1009676,190877,"17c","","309 020",31108,"",NA,"",1,NA,NA,"25v4","",40.6905535,-73.9083153,NA
"163","NYC20090508","COOK STREET HOUSING LLC","9 cook st","BROOKLYN","NY",11206,"Kings County",152,150,"Not Indicated","BK",3113,32,301,3049100,30491003003,491,3003,14,34,11206,"L108",90,30,1500,3,1,"5B","R7A","","","","C2-4","C1-4","","",NA,"","Y","D1",3,0,"X","NYC PARTNERSHIP HDFC",13250,52650,5885,46765,0,5885,0,0,0,0,2,1,8,153,154,125,125,125,53,"N",3,"Y",5,2,238500,7494300,7494300,2009,0,0,"","",3.97,4,0,4,3,3031130032,NA,491,999867,195203,"13b","","303 043",31005,"",3031130032,"05/21/2009",1,NA,NA,"25v4","",40.7024501,-73.943676,NA
"164","NYC20090810","WAZOBIA HOUSE","39 van buren st","BROOKLYN","NY",11221,"Kings County",41,41,"Not Indicated","BK",1791,68,303,3026300,30263001000,263,1000,16,36,11221,"L102",79,32,2000,3,3,"3B","R6B","","","","","","","",NA,"","N","D1",3,0,"X","WAZOBIA HOUSE HOUSING DEVELOPMENT FUND C ORPORATION",2000,4842,0,4842,0,0,0,0,0,0,2,1,5,42,42,20,100,0,0,"N",0,"N",5,0,48150,422550,422550,2008,0,0,"","",2.42,2,0,2,3,3017910068,NA,263,999797,190745,"17a","","305 006",30610,"",NA,"",1,NA,NA,"25v4","",40.690214,-73.9439387,NA
"165","NYC20100126","KNICKERBOCKER AVENUE CLUSTER","818 knickerbocker ave","BROOKLYN","NY",11207,"Kings County",6,4,"Not Indicated","BK",3418,33,304,3043700,30437002003,437,2003,32,37,11207,"Q252",83,34,3500,3,4,"3B","R6","","","","","","","",NA,"","N","C2",2,0,"","JC REAL ESTATE DEVELOPMENT L.P.",2600,5616,0,5616,0,0,0,0,0,0,2,1,3,6,6,26,100,26,72,"N",2,"N",5,5,65250,577800,127183,1912,2008,0,"","",2.16,2.43,0,4.8,3,3034180033,NA,437,1010007,191452,"17c","","309 045",31108,"",NA,"",1,NA,NA,"25v4","",40.6921308,-73.9071196,NA
"166","NYC20100127","KNICKERBOCKER AVENUE CLUSTER","187 eldert st","BROOKLYN","NY",11207,"Kings County",6,4,"Not Indicated","BK",3411,55,304,3041300,30413002002,413,2001,32,37,11207,"L112",83,34,3500,3,4,"3B","R6","","","","","","","",NA,"","N","C2",2,0,"","JC REAL ESTATE DEVELOPMENT L.P.",2750,6188,0,6188,0,0,0,0,0,0,2,1,3,6,6,27.5,100,27.5,75,"N",0,"N",5,5,7200,636750,0,1905,0,0,"","",2.25,2.43,0,4.8,3,3034110055,NA,413,1009238,190789,"17c","","309 019",31108,"",NA,"",1,NA,NA,"25v4","",40.6903132,-73.9098951,NA
"167","NYC20100128","KNICKERBOCKER AVENUE CLUSTER","194 eldert st","BROOKLYN","NY",11207,"Kings County",3,2,"Not Indicated","BK",3417,10,304,3041300,30413001000,413,1000,32,37,11207,"Q252",83,34,3500,3,4,"3B","R6","","","","","","","",NA,"","N","C2",2,0,"","JC REAL ESTATE DEVELOPMENT L.P.",2400,3816,0,3816,0,0,0,0,0,0,2,1,3,6,6,24,100,24,53,"N",2,"N",5,5,58500,472500,88497,1912,2010,0,"","",1.59,2.43,0,4.8,3,3034170010,NA,413,1009338,190660,"17c","","309 020",31108,"",NA,"",1,NA,NA,"25v4","",40.6899588,-73.9095349,NA
"168","NYC20100129","KNICKERBOCKER AVENUE CLUSTER","248 cornelia st","BROOKLYN","NY",11221,"Kings County",5,5,"Not Indicated","BK",3384,12,304,3043500,30435002002,435,2002,32,37,11221,"L112",83,34,3400,3,4,"3B","R6","","","","C2-3","","","",NA,"","N","C2",2,0,"","JC REAL ESTATE DEVELOPMENT L.P.",2500,5025,0,5025,0,0,0,0,0,0,2,1,3,5,5,25,100,25,67,"N",3,"N",5,2,73350,553500,0,1907,2006,0,"","",2.01,2.43,0,4.8,3,3033840012,NA,435,1008650,191916,"13d","Y","309 043",31107,"",NA,"",1,NA,NA,"25v4","",40.6934082,-73.9120113,NA
"169","NYC20100130","KNICKERBOCKER AVENUE CLUSTER","309 schaefer st","BROOKLYN","NY",11237,"Kings County",5,3,"Not Indicated","BK",3425,62,304,3040900,30409003000,409,3000,32,37,11237,"Q252",83,34,3500,3,4,"3B","R6","","","","","","","",NA,"","N","C2",2,0,"","JC REAL ESTATE DEVELOPMENT L.P.",2550,4305,0,4305,0,0,0,0,0,0,2,1,3,6,6,25.5,100,20.5,70,"N",0,"N",5,5,63000,474300,117307,1906,2008,0,"","",1.69,2.43,0,4.8,3,3034250062,NA,409,1010624,191781,"17c","","309 045",31108,"",NA,"",1,NA,NA,"25v4","",40.693032,-73.9048934,NA
"170","NYC20100135","KNICKERBOCKER AVENUE CLUSTER","708 knickerbocker ave","BROOKLYN","NY",11221,"Kings County",6,4,"Not Indicated","BK",3384,35,304,3043500,30435002002,435,2002,32,37,11221,"L112",83,34,3400,3,4,"3B","R6","","","","","","","",NA,"","N","C2",2,0,"","JC REAL ESTATE DEVELOPMENT L.P.",2600,5460,0,5460,0,0,0,0,0,0,2,1,3,6,6,26,100,26,70,"N",3,"N",5,2,76050,601650,0,1905,2006,0,"","",2.1,2.43,0,4.8,3,3033840035,NA,435,1008964,192230,"13d","","309 043",31107,"",NA,"",1,NA,NA,"25v4","",40.6942692,-73.9108778,NA
"171","NYC20100136","KNICKERBOCKER AVENUE CLUSTER","784 knickerbocker ave","BROOKLYN","NY",11207,"Kings County",3,2,"Not Indicated","BK",3412,30,304,3043700,30437002002,437,2002,32,37,11207,"L112",83,34,3500,3,4,"3B","R6","","","","","","","",NA,"","N","S9",4,0,"","JC REAL ESTATE DEVELOPMENT L.P.",2100,4200,2100,2100,0,2100,0,0,0,0,2,1,2,2,5,20,105,20,105,"N",2,"N",5,5,51750,466200,92270,1925,2010,0,"","",2,2.43,0,4.8,3,3034120030,NA,437,1009715,191666,"17c","","309 045",31108,"",NA,"",1,NA,NA,"25v4","",40.692719,-73.9081717,NA
"172","NYC20100142","LIVONIA TERRACE APTS","446 alabama ave","BROOKLYN","NY",11207,"Kings County",60,58,"Not Indicated","BK",3802,38,305,3113000,31130001001,1130,1001,19,42,11207,"E290",75,33,6300,3,5,"4C","R6","","","","","","","",NA,"","N","C1",2,0,"X","LIVONIA TERRACE HDFC",20000,55328,0,55328,0,0,0,0,0,0,2,5,4,60,60,200,100,43,88,"N",2,"N",5,2,270000,2652750,2652750,1971,2009,0,"","",2.77,2.43,0,4.8,3,3038020038,NA,1130,1012747,181547,"17d","","316 030",31207,"",NA,"",1,NA,NA,"25v4","",40.6649354,-73.8972809,NA
"173","NYC20151026","LIVONIA COMMONS","491 sheffield ave","BROOKLYN","NY",11207,"Kings County",278,274,"Not Indicated","BK",3805,7501,305,3112600,31126003000,1126,3000,19,42,11207,"E290",75,33,6300,3,5,"4C","R7A","","","","C2-4","","","",NA,"","N","RM",4,0,"","UNAVAILABLE OWNER",12744,58732,3561,55171,0,3561,0,0,0,0,2,1,NA,52,53,0,0,0,0,"",0,"N",0,5,419295,5370264,5033301,0,0,0,"","",4.61,4,0,4,3,3038057501,3755,1126,1013434,181543,"17d","","316 031",31207,"",3038050001,"02/19/2016",1,NA,NA,"25v4","t",40.6649222,-73.8948046,NA
"174","NYC20162064","STAMMTISCH ASSOCIATES, LP","26 morgan ave","BROOKLYN","NY",11237,"Kings County",46,42,"Not Indicated","BK",3012,8,301,3045300,30453002012,453,2009,32,34,11237,"E237",90,30,900,3,1,"5B","M1-1","","","","","","","",NA,"","N","C2",2,0,"X","STAMMTISCH HOUSING DEVELOPMENT FUND COMP ANY, INC.",2500,4179,0,4179,0,0,0,0,0,0,2,1,3,5,5,25,100,25,55.75,"N",2,"N",5,2,34200,517950,517950,1931,2013,0,"","",1.67,0,1,2.4,3,3030120008,NA,453,1003342,196020,"13b","","309 035",31003,"",NA,"",1,NA,NA,"25v4","",40.7046857,-73.9311408,NA
"175","NYC20163017","IMPACCT PRESERVATION - NORTHERN CLUSTER","660 willoughby ave","BROOKLYN","NY",11206,"Kings County",135,117,"Not Indicated","BK",1769,9,303,3028300,30283003001,283,3001,16,36,11206,"L102",79,36,1900,3,3,"1B","R6A","","","","","","","",NA,"","N","D1",3,0,"X","IMPACCT HOUSING DEVELOPMENT FUND CORPORA TION",5000,20950,0,20950,0,0,0,0,0,0,2,1,6,24,24,50,100,50,87,"N",0,"N",5,2,44550,319500,319500,1927,0,0,"","",4.19,3,0,3,3,3017690009,NA,283,1000110,192259,"13b","","303 065",30609,"",NA,"",1,NA,NA,"25v4","",40.6943691,-73.9428065,NA
"176","NYC20163018","IMPACCT PRESERVATION - SOUTHERN CLUSTER","542 gates ave","BROOKLYN","NY",11221,"Kings County",93,84,"Not Indicated","BK",1815,15,303,3026500,30265003000,265,3000,13,36,11221,"E235",79,32,2000,3,3,"3B","R6A","","","","","","","",NA,"","N","C1",2,0,"X","IMPACCT HOUSING DEVELOPMENT FUND CORPORA TION",5825,20000,0,20000,0,0,0,0,0,0,2,1,4,16,16,57,105,57,88,"N",0,"Y",5,2,39150,656100,656100,1907,1997,2016,"","",3.43,3,0,3,3,3018150015,NA,265,999837,189488,"17a","","305 018",30610,"",NA,"",1,NA,NA,"25v4","",40.6867638,-73.9437974,NA
"177","NYC20171060","WILLIAMSBURG APARTMENTS","37 ten eyck st","BROOKLYN","NY",11206,"Kings County",53,52,"Not Indicated","BK",2791,35,301,3051300,30513002002,513,2001,14,34,11206,"E216",90,30,700,3,1,"2A","R6B","","","","","","","",NA,"","N","D3",3,0,"X","HP YUCO HDFC",2500,5477,0,5477,0,0,0,0,0,0,2,1,4,6,6,25,100,25,59,"N",3,"N",5,2,135000,1147500,1147500,2015,0,0,"","",2.19,2,0,2,3,3027910035,NA,513,998333,197912,"13b","","303 037",30906,"",NA,"",1,NA,NA,"25v4","",40.7098882,-73.9492028,NA
"178","NYC20173015","MHANY 75","1141 bushwick ave","BROOKLYN","NY",11221,"Kings County",254,216,"Not Indicated","BK",3367,3,304,3039900,30399002000,399,2002,32,37,11221,"L112",83,34,3400,3,4,"2A","R6","","","","","","","",NA,"","N","C1",2,0,"X","MHANY 2015 HOUSING DEVELOPMENT FUND CORP",2017,5200,0,5200,0,0,0,0,0,0,2,1,4,7,7,20.17,100,20,65,"N",0,"N",5,0,72450,643950,643950,1900,1993,0,"","",2.58,2.43,0,4.8,3,3033670003,NA,399,1007087,190521,"17a","","305 042",31107,"",NA,"",1,NA,NA,"25v4","",40.6895834,-73.9176523,NA
"179","NYC20191008","BRP L2 LLC  LIVONIA","500 livonia ave","BROOKLYN","NY",11207,"Kings County",240,240,"Not Indicated","BK",3817,7501,305,3113200,31132002003,1132,1003,19,42,11207,"E231",75,33,6300,3,5,"4C","R7A","","","","C2-4","","","",NA,"","N","RM",4,0,"X","L2 HOUSING DEVELOPMENT FUND CORPORATION",20000,93542,8995,84547,0,8995,0,0,0,0,2,1,7,90,92,100,200,200,100,"N",0,"Y",0,5,898894,6916428,6916428,2016,2016,0,"","",4.68,4,0,4,3,3038177501,4614,1132,1012247,181122,"17d","","316 030",31207,"",3038170020,"",1,NA,NA,"25v4","",40.6637705,-73.899085,NA
"180","NYC20201020","HELP LIVONIA II","463 livonia ave","BROOKLYN","NY",11207,"Kings County",57,56,"Not Indicated","BK",3799,7501,305,3113200,31132002001,1132,1001,19,42,11207,"E231",75,33,6300,3,5,"4C","C4-4L","","","","","","","",NA,"","N","RM",4,0,"","HELP LIVONIA II HOUSING DEVELOPMENT FUND  CORP",15000,57759,7846,49913,0,0,0,0,0,7846,2,1,7,57,58,150,100,143.5,80.31,"",0,"N",0,5,501750,7145100,6437475,2018,0,0,"","",3.85,4,4,4,3,3037997501,4649,1132,1011944,181234,"17d","","316 029",31207,"",3037990045,"",1,NA,NA,"25v4","",40.6640788,-73.9001767,NA
"181","NYC20211003","50 PENN","62 pennsylvania ave","BROOKLYN","NY",11207,"Kings County",218,217,"Not Indicated","BK",3669,7501,305,3119800,31198001006,1198,1006,19,37,11207,"L175",75,34,3820,3,5,"1C","C4-4L","","","","","","EC-5","EC-6",NA,"","Y","RM",4,0,"","2618 FULTON STREET REALTY, LLC",35000,171610,32609,139001,0,32609,0,0,0,0,2,1,9,218,221,250,200,250,200,"",3,"N",0,5,1260000,19022400,18289618,2020,0,0,"","",4.9,4,4,4,3,3036697501,5460,1198,1012656,185862,"17c","","316 010",31205,"E-366",3036690022,"",1,NA,NA,"25v4","",40.6767794,-73.8975908,NA
"182","NYC20230008","DEBEVOISE SENIOR HOUSING","40 debevoise st","BROOKLYN","NY",11206,"Kings County",65,64,"Not Indicated","BK",3127,7501,301,3049100,30491002003,491,2003,14,34,11206,"L108",90,30,1500,3,1,"5B","C4-3","","","","","","","",NA,"","N","RM",4,0,"","UNAVAILABLE OWNER",10000,56205,9792,46413,0,9792,0,0,0,0,2,1,8,65,67,0,0,0,0,"",0,"N",0,5,326700,8201675,6708495,2018,0,0,"","",5.62,2.43,3.4,4.8,3,3031277501,4381,491,1000557,194865,"13b","","303 046",31005,"",3031270017,"05/11/2018",1,NA,NA,"25v4","",40.7015211,-73.9411882,NA
"183","NYE20201039","VAN SINDEREN PLAZA, LLC","679 van sinderen ave","BROOKLYN","NY",11207,"Kings County",130,129,"Not Indicated","BK",3850,7501,305,3113200,31132001002,1132,2002,19,42,11207,"E231",75,33,6300,3,5,"4C","R7A","","","","C2-4","","","",NA,"","N","RM",4,0,"","VAN SINDEREN PLAZA HOUSING DEVELOPMENT F UND CORPOR",37550,132557,23818,108739,0,23818,0,0,0,0,2,1,7,102,104,409.88,209.19,145.77,343.83,"",0,"N",0,5,2105203,11669075,9180369,2018,0,0,"","",3.53,4,0,4,3,3038507501,4356,1132,1012223,179656,"17d","","316 036",31208,"",3038500005,"",1,NA,NA,"25v4","",40.6597467,-73.8991776,NA
